Workbook

Sheet 总览
A1: 股票代码 | B1: 事件ID | C1: 事件日期 | D1: 有效交易日(T0) | E1: 标题 | F1: 事件来源 | G1: 事件类型 | H1: 行业 | I1: 行情起始 | J1: 行情结束 | K1: 样本天数 | L1: 前窗口覆盖 | M1: 后窗口覆盖 | N1: 状态说明
A2: 000063.SZ | B2: 11 | C2: 45362 | D2: 45362 | E2: 2023年年度报告点评：“连接+算力”拓展深化，增长仍为第一要义 | F2: 东方财富 | G2: 技术 | H2: 算力 | I2: 45271 | J2: 45366 | K2: 63 | L2: 58 | M2: 4 | N2: 前100日不完整；后5日不完整
A3: 000925.SZ | B3: 2 | C3: 45302 | D3: 45302 | E3: 众合科技： 关于公司算力战略合作框架协议的实施进展公告（三） | F3: 巨潮资讯 | G3: 公司行为 | H3: 算力 | I3: 45180 | J3: 45307 | K3: 85 | L3: 81 | M3: 3 | N3: 前100日不完整；后5日不完整
A4: 002685.SZ | B4: 21 | C4: 45907 | D4: 45908 | E4: 港机订单稳定向好，布局GPU打造新成长极 | F4: 东方财富 | G4: 技术 | H4: GPU | I4: 45817 | J4: 45912 | K4: 70 | L4: 65 | M4: 4 | N4: 事件日顺延到下一交易日；前100日不完整；后5日不完整
A5: 300054.SZ | B5: 42 | C5: 45344 | D5: 45344 | E5: 鼎龙股份半导体材料营收同比增长，新品研发及导入进展顺利 | F5: 东方财富 | G5: 技术 | H5: 半导体 | I5: 45252 | J5: 45349 | K5: 63 | L5: 59 | M5: 3 | N5: 前100日不完整；后5日不完整
A6: 300474.SZ | B6: 22 | C6: 45876 | D6: 45876 | E6: 显卡、通用GPU双线布局，管理变革推动创新 | F6: 东方财富 | G6: 技术 | H6: GPU | I6: 45784 | J6: 45881 | K6: 69 | L6: 65 | M6: 3 | N6: 前100日不完整；后5日不完整
A7: 300496.SZ | B7: 35 | C7: 45159 | D7: 45159 | E7: 智能汽车保持高增，大模型+边缘计算彰显长期价值 | F7: 东方财富 | G7: 技术 | H7: 边缘计算 | I7: 45068 | J7: 45163 | K7: 68 | L7: 63 | M7: 4 | N7: 前100日不完整；后5日不完整
A8: 300571.SZ | B8: 29 | C8: 45803 | D8: 45803 | E8: 平治信息： 关于陕西电信GPU算力建设项目进展暨签订框架协议的公告 | F8: 巨潮资讯 | G8: 公司行为 | H8: GPU | I8: 45714 | J8: 45807 | K8: 64 | L8: 59 | M8: 4 | N8: 前100日不完整；后5日不完整
A9: 300638.SZ | B9: 36 | C9: 45063 | D9: 45063 | E9: 深度报告：5G+AI时代下的连接与边缘计算旗手 | F9: 东方财富 | G9: 技术 | H9: 边缘计算 | I9: 44974 | J9: 45068 | K9: 63 | L9: 59 | M9: 3 | N9: 前100日不完整；后5日不完整
A10: 300738.SZ | B10: 40 | C10: 45532 | D10: 45532 | E10: 关于数据中心获得2023年度碳中和认证的公告 | F10: 巨潮资讯 | G10: 公司行为 | H10: 数据中心 | I10: 45440 | J10: 45539 | K10: 71 | L10: 65 | M10: 5 | N10: 前100日不完整
A11: 600821.SH | B11: 4 | C11: 45873 | D11: 45873 | E11: 金开新能： 关于全资子公司人工智能算力技术服务合同的进展公告 | F11: 巨潮资讯 | G11: 公司行为 | H11: 算力 | I11: 45783 | J11: 45877 | K11: 68 | L11: 63 | M11: 4 | N11: 前100日不完整；后5日不完整
A12: 600941.SH | B12: 14 | C12: 45770 | D12: 45770 | E12: AI业务接力成长，加速智算建设 | F12: 东方财富 | G12: 技术 | H12: 算力 | I12: 45680 | J12: 45775 | K12: 61 | L12: 57 | M12: 3 | N12: 前100日不完整；后5日不完整
A13: 603019.SH | B13: 12 | C13: 45527 | D13: 45527 | E13: 2024半年报点评：业绩稳健增长，算力建设稳步推进 | F13: 东方财富 | G13: 技术 | H13: 算力 | I13: 45435 | J13: 45532 | K13: 69 | L13: 65 | M13: 3 | N13: 前100日不完整；后5日不完整
... A24: 600186.SH | B24: 3 | C24: 45563 | D24: 45565 | E24: 莲花控股： 莲花控股股份有限公司关于转型算力业务相关进展情况的公告 | F24: 巨潮资讯 | G24: 公司行为 | H24: 算力 | I24: 45461 | J24: 45580 | K24: 79 | L24: 72 | M24: 6 | N24: 事件日顺延到下一交易日；前100日不完整

Sheet 000063.SZ_元数据
A1: 字段 | B1: 内容
A2: 股票代码 | B2: 000063.SZ
A3: 事件名称 | B3: 2023年年度报告点评：“连接+算力”拓展深化，增长仍为第一要义
A4: 事件日期 | B4: 45362
A5: 数据来源 | B5: 用户提供行情CSV + 事件库1.csv
A6: 分类规则 | B6: 前100个交易日 / 事件当日 / 后5个交易日
A7: 事件ID | B7: 11
A8: 内容链接 | B8: https://data.eastmoney.com/report/zw_stock.jshtml?infocode=AP202403111626215378
A9: 事件来源 | B9: 东方财富
A10: 事件类型 | B10: 技术
A11: 行业 | B11: 算力
A12: 有效交易日(T0) | B12: 45362
A13: 窗口覆盖说明 | B13: 前窗口覆盖 58/100 个交易日；后窗口覆盖 4/5 个交易日
A14: 说明 | B14: 若事件日期不是交易日，则 T0 取事件日期之后的首个交易日。

Sheet 000063.SZ_行情
A1: ts_code | B1: trade_date | C1: open | D1: high | E1: low | F1: close | G1: pre_close | H1: change | I1: pct_chg | J1: vol | K1: amount | L1: 数据来源 | M1: 数据分类 | N1: 事件日期 | O1: 交易日序号 | P1: 事件交易日序号 | Q1: 相对交易日 | R1: 窗口标签 | S1: 备注
A2: 000063.SZ | B2: 45271 | C2: 25.9 | D2: 26.62 | E2: 25.51 | F2: 26.57 | G2: 26.1 | H2: 0.47 | I2: 1.8008 | J2: 960616.03 | K2: 2507913.6 | L2: 用户提供行情CSV | M2: 股票日行情 | N2: 45362 | O2: 1 | P2: 59 | Q2: -58 | R2: 事件前100个交易日
A3: 000063.SZ | B3: 45272 | C3: 26.45 | D3: 26.78 | E3: 26.2 | F3: 26.45 | G3: 26.57 | H3: -0.12 | I3: -0.4516 | J3: 656302.55 | K3: 1737617.8 | L3: 用户提供行情CSV | M3: 股票日行情 | N3: 45362 | O3: 2 | P3: 59 | Q3: -57 | R3: 事件前100个交易日
A4: 000063.SZ | B4: 45273 | C4: 26.45 | D4: 26.52 | E4: 25.88 | F4: 25.88 | G4: 26.45 | H4: -0.57 | I4: -2.155 | J4: 563549.26 | K4: 1475553.1 | L4: 用户提供行情CSV | M4: 股票日行情 | N4: 45362 | O4: 3 | P4: 59 | Q4: -56 | R4: 事件前100个交易日
A5: 000063.SZ | B5: 45274 | C5: 26.04 | D5: 27.27 | E5: 26.04 | F5: 26.35 | G5: 25.88 | H5: 0.47 | I5: 1.8161 | J5: 1281248.1 | K5: 3427086 | L5: 用户提供行情CSV | M5: 股票日行情 | N5: 45362 | O5: 4 | P5: 59 | Q5: -55 | R5: 事件前100个交易日
A6: 000063.SZ | B6: 45275 | C6: 26.46 | D6: 27.24 | E6: 26.12 | F6: 26.68 | G6: 26.35 | H6: 0.33 | I6: 1.2524 | J6: 1428091.4 | K6: 3825279.8 | L6: 用户提供行情CSV | M6: 股票日行情 | N6: 45362 | O6: 5 | P6: 59 | Q6: -54 | R6: 事件前100个交易日
A7: 000063.SZ | B7: 45278 | C7: 26.45 | D7: 26.54 | E7: 25.75 | F7: 25.97 | G7: 26.68 | H7: -0.71 | I7: -2.6612 | J7: 784957.34 | K7: 2052296.4 | L7: 用户提供行情CSV | M7: 股票日行情 | N7: 45362 | O7: 6 | P7: 59 | Q7: -53 | R7: 事件前100个交易日
A8: 000063.SZ | B8: 45279 | C8: 25.83 | D8: 26.24 | E8: 25.66 | F8: 25.94 | G8: 25.97 | H8: -0.03 | I8: -0.1155 | J8: 597918.92 | K8: 1549182.5 | L8: 用户提供行情CSV | M8: 股票日行情 | N8: 45362 | O8: 7 | P8: 59 | Q8: -52 | R8: 事件前100个交易日
A9: 000063.SZ | B9: 45280 | C9: 25.94 | D9: 26.01 | E9: 25.15 | F9: 25.16 | G9: 25.94 | H9: -0.78 | I9: -3.0069 | J9: 721276.72 | K9: 1832348.8 | L9: 用户提供行情CSV | M9: 股票日行情 | N9: 45362 | O9: 8 | P9: 59 | Q9: -51 | R9: 事件前100个交易日
A10: 000063.SZ | B10: 45281 | C10: 24.93 | D10: 25.74 | E10: 24.7 | F10: 25.57 | G10: 25.16 | H10: 0.41 | I10: 1.6296 | J10: 738459.37 | K10: 1861487.7 | L10: 用户提供行情CSV | M10: 股票日行情 | N10: 45362 | O10: 9 | P10: 59 | Q10: -50 | R10: 事件前100个交易日
A11: 000063.SZ | B11: 45282 | C11: 25.57 | D11: 25.95 | E11: 25.01 | F11: 25.17 | G11: 25.57 | H11: -0.4 | I11: -1.5643 | J11: 690324.53 | K11: 1758705 | L11: 用户提供行情CSV | M11: 股票日行情 | N11: 45362 | O11: 10 | P11: 59 | Q11: -49 | R11: 事件前100个交易日
A12: 000063.SZ | B12: 45285 | C12: 25.1 | D12: 25.66 | E12: 25.1 | F12: 25.32 | G12: 25.17 | H12: 0.15 | I12: 0.5959 | J12: 446303.98 | K12: 1133568.4 | L12: 用户提供行情CSV | M12: 股票日行情 | N12: 45362 | O12: 11 | P12: 59 | Q12: -48 | R12: 事件前100个交易日
A13: 000063.SZ | B13: 45286 | C13: 25.27 | D13: 25.32 | E13: 24.38 | F13: 24.64 | G13: 25.32 | H13: -0.68 | I13: -2.6856 | J13: 709431.56 | K13: 1753394.3 | L13: 用户提供行情CSV | M13: 股票日行情 | N13: 45362 | O13: 12 | P13: 59 | Q13: -47 | R13: 事件前100个交易日
... A64: 000063.SZ | B64: 45366 | C64: 28.65 | D64: 29.1 | E64: 28.22 | F64: 29 | G64: 28.8 | H64: 0.2 | I64: 0.6944 | J64: 1231825.3 | K64: 3531568.1 | L64: 用户提供行情CSV | M64: 股票日行情 | N64: 45362 | O64: 63 | P64: 59 | Q64: 4 | R64: 事件后5个交易日

Sheet 000925.SZ_元数据
A1: 字段 | B1: 内容
A2: 股票代码 | B2: 000925.SZ
A3: 事件名称 | B3: 众合科技： 关于公司算力战略合作框架协议的实施进展公告（三）
A4: 事件日期 | B4: 45302
A5: 数据来源 | B5: 用户提供行情CSV + 事件库1.csv
A6: 分类规则 | B6: 前100个交易日 / 事件当日 / 后5个交易日
A7: 事件ID | B7: 2
A8: 内容链接 | B8: https://www.cninfo.com.cn/new/disclosure/detail?orgId=gssz0000925&announcementId=1218845958&announcementTime=2024-01-11
A9: 事件来源 | B9: 巨潮资讯
A10: 事件类型 | B10: 公司行为
A11: 行业 | B11: 算力
A12: 有效交易日(T0) | B12: 45302
A13: 窗口覆盖说明 | B13: 前窗口覆盖 81/100 个交易日；后窗口覆盖 3/5 个交易日
A14: 说明 | B14: 若事件日期不是交易日，则 T0 取事件日期之后的首个交易日。

Sheet 000925.SZ_行情
A1: ts_code | B1: trade_date | C1: open | D1: high | E1: low | F1: close | G1: pre_close | H1: change | I1: pct_chg | J1: vol | K1: amount | L1: 数据来源 | M1: 数据分类 | N1: 事件日期 | O1: 交易日序号 | P1: 事件交易日序号 | Q1: 相对交易日 | R1: 窗口标签 | S1: 备注
A2: 000925.SZ | B2: 45180 | C2: 7.77 | D2: 8.24 | E2: 7.76 | F2: 7.96 | G2: 7.8 | H2: 0.16 | I2: 2.0513 | J2: 264059.71 | K2: 210320.7 | L2: 用户提供行情CSV | M2: 股票日行情 | N2: 45302 | O2: 1 | P2: 82 | Q2: -81 | R2: 事件前100个交易日
A3: 000925.SZ | B3: 45181 | C3: 7.99 | D3: 8.08 | E3: 7.91 | F3: 7.94 | G3: 7.96 | H3: -0.02 | I3: -0.2513 | J3: 195644.57 | K3: 156247.69 | L3: 用户提供行情CSV | M3: 股票日行情 | N3: 45302 | O3: 2 | P3: 82 | Q3: -80 | R3: 事件前100个交易日
A4: 000925.SZ | B4: 45182 | C4: 7.82 | D4: 7.89 | E4: 7.62 | F4: 7.68 | G4: 7.94 | H4: -0.26 | I4: -3.2746 | J4: 148305 | K4: 114804.33 | L4: 用户提供行情CSV | M4: 股票日行情 | N4: 45302 | O4: 3 | P4: 82 | Q4: -79 | R4: 事件前100个交易日
A5: 000925.SZ | B5: 45183 | C5: 7.68 | D5: 7.96 | E5: 7.58 | F5: 7.67 | G5: 7.68 | H5: -0.01 | I5: -0.1302 | J5: 109829 | K5: 84695.467 | L5: 用户提供行情CSV | M5: 股票日行情 | N5: 45302 | O5: 4 | P5: 82 | Q5: -78 | R5: 事件前100个交易日
A6: 000925.SZ | B6: 45184 | C6: 7.73 | D6: 7.73 | E6: 7.56 | F6: 7.61 | G6: 7.67 | H6: -0.06 | I6: -0.7823 | J6: 78608.8 | K6: 59930.15 | L6: 用户提供行情CSV | M6: 股票日行情 | N6: 45302 | O6: 5 | P6: 82 | Q6: -77 | R6: 事件前100个交易日
A7: 000925.SZ | B7: 45187 | C7: 7.57 | D7: 7.65 | E7: 7.5 | F7: 7.58 | G7: 7.61 | H7: -0.03 | I7: -0.3942 | J7: 53255.48 | K7: 40353.522 | L7: 用户提供行情CSV | M7: 股票日行情 | N7: 45302 | O7: 6 | P7: 82 | Q7: -76 | R7: 事件前100个交易日
A8: 000925.SZ | B8: 45188 | C8: 7.6 | D8: 7.6 | E8: 7.35 | F8: 7.36 | G8: 7.58 | H8: -0.22 | I8: -2.9024 | J8: 84276.2 | K8: 62510.257 | L8: 用户提供行情CSV | M8: 股票日行情 | N8: 45302 | O8: 7 | P8: 82 | Q8: -75 | R8: 事件前100个交易日
A9: 000925.SZ | B9: 45189 | C9: 7.4 | D9: 7.58 | E9: 7.33 | F9: 7.41 | G9: 7.36 | H9: 0.05 | I9: 0.6793 | J9: 67820.81 | K9: 50331.45 | L9: 用户提供行情CSV | M9: 股票日行情 | N9: 45302 | O9: 8 | P9: 82 | Q9: -74 | R9: 事件前100个交易日
A10: 000925.SZ | B10: 45190 | C10: 7.44 | D10: 8 | E10: 7.4 | F10: 7.64 | G10: 7.41 | H10: 0.23 | I10: 3.1039 | J10: 253779.46 | K10: 197763.75 | L10: 用户提供行情CSV | M10: 股票日行情 | N10: 45302 | O10: 9 | P10: 82 | Q10: -73 | R10: 事件前100个交易日
A11: 000925.SZ | B11: 45191 | C11: 7.59 | D11: 7.72 | E11: 7.38 | F11: 7.69 | G11: 7.64 | H11: 0.05 | I11: 0.6545 | J11: 169673.6 | K11: 127941.79 | L11: 用户提供行情CSV | M11: 股票日行情 | N11: 45302 | O11: 10 | P11: 82 | Q11: -72 | R11: 事件前100个交易日
A12: 000925.SZ | B12: 45194 | C12: 7.7 | D12: 7.82 | E12: 7.56 | F12: 7.62 | G12: 7.69 | H12: -0.07 | I12: -0.9103 | J12: 100928.4 | K12: 77395.309 | L12: 用户提供行情CSV | M12: 股票日行情 | N12: 45302 | O12: 11 | P12: 82 | Q12: -71 | R12: 事件前100个交易日
A13: 000925.SZ | B13: 45195 | C13: 7.62 | D13: 7.62 | E13: 7.49 | F13: 7.49 | G13: 7.62 | H13: -0.13 | I13: -1.706 | J13: 66175.8 | K13: 49785.519 | L13: 用户提供行情CSV | M13: 股票日行情 | N13: 45302 | O13: 12 | P13: 82 | Q13: -70 | R13: 事件前100个交易日
... A86: 000925.SZ | B86: 45307 | C86: 8.27 | D86: 8.3 | E86: 7.95 | F86: 8.04 | G86: 8.27 | H86: -0.23 | I86: -2.7811 | J86: 198869.02 | K86: 160071.59 | L86: 用户提供行情CSV | M86: 股票日行情 | N86: 45302 | O86: 85 | P86: 82 | Q86: 3 | R86: 事件后5个交易日

Sheet 002685.SZ_元数据
A1: 字段 | B1: 内容
A2: 股票代码 | B2: 002685.SZ
A3: 事件名称 | B3: 港机订单稳定向好，布局GPU打造新成长极
A4: 事件日期 | B4: 45907
A5: 数据来源 | B5: 用户提供行情CSV + 事件库1.csv
A6: 分类规则 | B6: 前100个交易日 / 事件当日 / 后5个交易日
A7: 事件ID | B7: 21
A8: 内容链接 | B8: http://data.eastmoney.com/report/zw_stock.jshtml?infocode=AP202509071739972457
A9: 事件来源 | B9: 东方财富
A10: 事件类型 | B10: 技术
A11: 行业 | B11: GPU
A12: 有效交易日(T0) | B12: 45908
A13: 窗口覆盖说明 | B13: 前窗口覆盖 65/100 个交易日；后窗口覆盖 4/5 个交易日
A14: 说明 | B14: 若事件日期不是交易日，则 T0 取事件日期之后的首个交易日。

Sheet 002685.SZ_行情
A1: ts_code | B1: trade_date | C1: open | D1: high | E1: low | F1: close | G1: pre_close | H1: change | I1: pct_chg | J1: vol | K1: amount | L1: 数据来源 | M1: 数据分类 | N1: 事件日期 | O1: 交易日序号 | P1: 事件交易日序号 | Q1: 相对交易日 | R1: 窗口标签 | S1: 备注
A2: 002685.SZ | B2: 45817 | C2: 7.26 | D2: 7.31 | E2: 6.91 | F2: 6.96 | G2: 7.26 | H2: -0.3 | I2: -4.1322 | J2: 856904.31 | K2: 602444.74 | L2: 用户提供行情CSV | M2: 股票日行情 | N2: 45907 | O2: 1 | P2: 66 | Q2: -65 | R2: 事件前100个交易日
A3: 002685.SZ | B3: 45818 | C3: 6.95 | D3: 6.95 | E3: 6.71 | F3: 6.79 | G3: 6.96 | H3: -0.17 | I3: -2.4425 | J3: 597267.8 | K3: 406651.31 | L3: 用户提供行情CSV | M3: 股票日行情 | N3: 45907 | O3: 2 | P3: 66 | Q3: -64 | R3: 事件前100个交易日
A4: 002685.SZ | B4: 45819 | C4: 6.79 | D4: 6.85 | E4: 6.74 | F4: 6.75 | G4: 6.79 | H4: -0.04 | I4: -0.5891 | J4: 288112.76 | K4: 195398.88 | L4: 用户提供行情CSV | M4: 股票日行情 | N4: 45907 | O4: 3 | P4: 66 | Q4: -63 | R4: 事件前100个交易日
A5: 002685.SZ | B5: 45820 | C5: 6.71 | D5: 6.78 | E5: 6.65 | F5: 6.7 | G5: 6.75 | H5: -0.05 | I5: -0.7407 | J5: 292918.2 | K5: 196362.24 | L5: 用户提供行情CSV | M5: 股票日行情 | N5: 45907 | O5: 4 | P5: 66 | Q5: -62 | R5: 事件前100个交易日
A6: 002685.SZ | B6: 45821 | C6: 6.71 | D6: 6.72 | E6: 6.52 | F6: 6.58 | G6: 6.7 | H6: -0.12 | I6: -1.791 | J6: 276312 | K6: 182096.01 | L6: 用户提供行情CSV | M6: 股票日行情 | N6: 45907 | O6: 5 | P6: 66 | Q6: -61 | R6: 事件前100个交易日
A7: 002685.SZ | B7: 45824 | C7: 6.59 | D7: 6.65 | E7: 6.55 | F7: 6.62 | G7: 6.58 | H7: 0.04 | I7: 0.6079 | J7: 187950.63 | K7: 124332.81 | L7: 用户提供行情CSV | M7: 股票日行情 | N7: 45907 | O7: 6 | P7: 66 | Q7: -60 | R7: 事件前100个交易日
A8: 002685.SZ | B8: 45825 | C8: 6.61 | D8: 6.76 | E8: 6.6 | F8: 6.66 | G8: 6.62 | H8: 0.04 | I8: 0.6042 | J8: 262872 | K8: 175575.27 | L8: 用户提供行情CSV | M8: 股票日行情 | N8: 45907 | O8: 7 | P8: 66 | Q8: -59 | R8: 事件前100个交易日
A9: 002685.SZ | B9: 45826 | C9: 6.66 | D9: 6.98 | E9: 6.63 | F9: 6.97 | G9: 6.66 | H9: 0.31 | I9: 4.6547 | J9: 719293.36 | K9: 493422.45 | L9: 用户提供行情CSV | M9: 股票日行情 | N9: 45907 | O9: 8 | P9: 66 | Q9: -58 | R9: 事件前100个交易日
A10: 002685.SZ | B10: 45827 | C10: 6.97 | D10: 7.28 | E10: 6.84 | F10: 7.09 | G10: 6.97 | H10: 0.12 | I10: 1.7217 | J10: 777669.35 | K10: 552469.39 | L10: 用户提供行情CSV | M10: 股票日行情 | N10: 45907 | O10: 9 | P10: 66 | Q10: -57 | R10: 事件前100个交易日
A11: 002685.SZ | B11: 45828 | C11: 7.1 | D11: 7.46 | E11: 6.88 | F11: 7.36 | G11: 7.09 | H11: 0.27 | I11: 3.8082 | J11: 870026.1 | K11: 627279.62 | L11: 用户提供行情CSV | M11: 股票日行情 | N11: 45907 | O11: 10 | P11: 66 | Q11: -56 | R11: 事件前100个交易日
A12: 002685.SZ | B12: 45831 | C12: 7.17 | D12: 7.54 | E12: 7.06 | F12: 7.34 | G12: 7.36 | H12: -0.02 | I12: -0.2717 | J12: 634537.13 | K12: 462274.28 | L12: 用户提供行情CSV | M12: 股票日行情 | N12: 45907 | O12: 11 | P12: 66 | Q12: -55 | R12: 事件前100个交易日
A13: 002685.SZ | B13: 45832 | C13: 7.27 | D13: 7.5 | E13: 7.24 | F13: 7.35 | G13: 7.34 | H13: 0.01 | I13: 0.1362 | J13: 636334.48 | K13: 470132.49 | L13: 用户提供行情CSV | M13: 股票日行情 | N13: 45907 | O13: 12 | P13: 66 | Q13: -54 | R13: 事件前100个交易日
... A66: 002685.SZ | B66: 45905 | C66: 8.07 | D66: 8.23 | E66: 7.99 | F66: 8.22 | G66: 8.02 | H66: 0.2 | I66: 2.4938 | J66: 436369.29 | K66: 355535.73 | L66: 用户提供行情CSV | M66: 股票日行情 | N66: 45907 | O66: 65 | P66: 66 | Q66: -1 | R66: 事件前100个交易日
A67: 002685.SZ | B67: 45908 | C67: 8.16 | D67: 8.27 | E67: 8.1 | F67: 8.17 | G67: 8.22 | H67: -0.05 | I67: -0.6083 | J67: 371436.44 | K67: 303769.35 | L67: 用户提供行情CSV | M67: 股票日行情 | N67: 45907 | O67: 66 | P67: 66 | Q67: 0 | R67: 事件当日 | S67: 事件日非交易日，T0顺延至下一交易日
A68: 002685.SZ | B68: 45909 | C68: 8.11 | D68: 8.24 | E68: 7.98 | F68: 8.09 | G68: 8.17 | H68: -0.08 | I68: -0.9792 | J68: 439571.93 | K68: 356143.45 | L68: 用户提供行情CSV | M68: 股票日行情 | N68: 45907 | O68: 67 | P68: 66 | Q68: 1 | R68: 事件后5个交易日
A69: 002685.SZ | B69: 45910 | C69: 8.18 | D69: 8.22 | E69: 8.1 | F69: 8.17 | G69: 8.09 | H69: 0.08 | I69: 0.9889 | J69: 352429.86 | K69: 287834.51 | L69: 用户提供行情CSV | M69: 股票日行情 | N69: 45907 | O69: 68 | P69: 66 | Q69: 2 | R69: 事件后5个交易日
A70: 002685.SZ | B70: 45911 | C70: 8.11 | D70: 8.49 | E70: 8.03 | F70: 8.36 | G70: 8.17 | H70: 0.19 | I70: 2.3256 | J70: 572186.63 | K70: 473499.79 | L70: 用户提供行情CSV | M70: 股票日行情 | N70: 45907 | O70: 69 | P70: 66 | Q70: 3 | R70: 事件后5个交易日
A71: 002685.SZ | B71: 45912 | C71: 8.28 | D71: 8.44 | E71: 8.19 | F71: 8.3 | G71: 8.36 | H71: -0.06 | I71: -0.7177 | J71: 487218.29 | K71: 405478.82 | L71: 用户提供行情CSV | M71: 股票日行情 | N71: 45907 | O71: 70 | P71: 66 | Q71: 4 | R71: 事件后5个交易日

Sheet 300054.SZ_元数据
A1: 字段 | B1: 内容
A2: 股票代码 | B2: 300054.SZ
A3: 事件名称 | B3: 鼎龙股份半导体材料营收同比增长，新品研发及导入进展顺利
A4: 事件日期 | B4: 45344
A5: 数据来源 | B5: 用户提供行情CSV + 事件库1.csv
A6: 分类规则 | B6: 前100个交易日 / 事件当日 / 后5个交易日
A7: 事件ID | B7: 42
A8: 内容链接 | B8: http://data.eastmoney.com/report/zw_stock.jshtml?infocode=AP202404221630960435
A9: 事件来源 | B9: 东方财富
A10: 事件类型 | B10: 技术
A11: 行业 | B11: 半导体
A12: 有效交易日(T0) | B12: 45344
A13: 窗口覆盖说明 | B13: 前窗口覆盖 59/100 个交易日；后窗口覆盖 3/5 个交易日
A14: 说明 | B14: 若事件日期不是交易日，则 T0 取事件日期之后的首个交易日。

Sheet 300054.SZ_行情
A1: ts_code | B1: trade_date | C1: open | D1: high | E1: low | F1: close | G1: pre_close | H1: change | I1: pct_chg | J1: vol | K1: amount | L1: 数据来源 | M1: 数据分类 | N1: 事件日期 | O1: 交易日序号 | P1: 事件交易日序号 | Q1: 相对交易日 | R1: 窗口标签 | S1: 备注
A2: 300054.SZ | B2: 45252 | C2: 24.33 | D2: 24.64 | E2: 24.12 | F2: 24.2 | G2: 24.42 | H2: -0.22 | I2: -0.9009 | J2: 54002.04 | K2: 131562.48 | L2: 用户提供行情CSV | M2: 股票日行情 | N2: 45344 | O2: 1 | P2: 60 | Q2: -59 | R2: 事件前100个交易日
A3: 300054.SZ | B3: 45253 | C3: 24.17 | D3: 24.76 | E3: 24.14 | F3: 24.54 | G3: 24.2 | H3: 0.34 | I3: 1.405 | J3: 56482.84 | K3: 138426.67 | L3: 用户提供行情CSV | M3: 股票日行情 | N3: 45344 | O3: 2 | P3: 60 | Q3: -58 | R3: 事件前100个交易日
A4: 300054.SZ | B4: 45254 | C4: 24.45 | D4: 24.62 | E4: 23.98 | F4: 24.1 | G4: 24.54 | H4: -0.44 | I4: -1.793 | J4: 54534.98 | K4: 131945.36 | L4: 用户提供行情CSV | M4: 股票日行情 | N4: 45344 | O4: 3 | P4: 60 | Q4: -57 | R4: 事件前100个交易日
A5: 300054.SZ | B5: 45257 | C5: 23.8 | D5: 24.68 | E5: 23.79 | F5: 24.55 | G5: 24.1 | H5: 0.45 | I5: 1.8672 | J5: 68307.9 | K5: 167069.21 | L5: 用户提供行情CSV | M5: 股票日行情 | N5: 45344 | O5: 4 | P5: 60 | Q5: -56 | R5: 事件前100个交易日
A6: 300054.SZ | B6: 45258 | C6: 24.47 | D6: 24.68 | E6: 24.33 | F6: 24.55 | G6: 24.55 | H6: 0 | I6: 0 | J6: 41877 | K6: 102517.69 | L6: 用户提供行情CSV | M6: 股票日行情 | N6: 45344 | O6: 5 | P6: 60 | Q6: -55 | R6: 事件前100个交易日
A7: 300054.SZ | B7: 45259 | C7: 24.55 | D7: 25.3 | E7: 24.55 | F7: 24.75 | G7: 24.55 | H7: 0.2 | I7: 0.8147 | J7: 83231.82 | K7: 207618.33 | L7: 用户提供行情CSV | M7: 股票日行情 | N7: 45344 | O7: 6 | P7: 60 | Q7: -54 | R7: 事件前100个交易日
A8: 300054.SZ | B8: 45260 | C8: 24.55 | D8: 24.72 | E8: 24.16 | F8: 24.49 | G8: 24.75 | H8: -0.26 | I8: -1.0505 | J8: 46646.51 | K8: 113603.35 | L8: 用户提供行情CSV | M8: 股票日行情 | N8: 45344 | O8: 7 | P8: 60 | Q8: -53 | R8: 事件前100个交易日
A9: 300054.SZ | B9: 45261 | C9: 24.55 | D9: 24.71 | E9: 24.07 | F9: 24.7 | G9: 24.49 | H9: 0.21 | I9: 0.8575 | J9: 45043.22 | K9: 109837.99 | L9: 用户提供行情CSV | M9: 股票日行情 | N9: 45344 | O9: 8 | P9: 60 | Q9: -52 | R9: 事件前100个交易日
A10: 300054.SZ | B10: 45264 | C10: 24.7 | D10: 24.85 | E10: 24.1 | F10: 24.23 | G10: 24.7 | H10: -0.47 | I10: -1.9028 | J10: 44881.15 | K10: 109841.26 | L10: 用户提供行情CSV | M10: 股票日行情 | N10: 45344 | O10: 9 | P10: 60 | Q10: -51 | R10: 事件前100个交易日
A11: 300054.SZ | B11: 45265 | C11: 24.2 | D11: 24.2 | E11: 23.81 | F11: 23.98 | G11: 24.23 | H11: -0.25 | I11: -1.0318 | J11: 42215 | K11: 101088.26 | L11: 用户提供行情CSV | M11: 股票日行情 | N11: 45344 | O11: 10 | P11: 60 | Q11: -50 | R11: 事件前100个交易日
A12: 300054.SZ | B12: 45266 | C12: 23.81 | D12: 24.1 | E12: 23.67 | F12: 23.9 | G12: 23.98 | H12: -0.08 | I12: -0.3336 | J12: 36133.04 | K12: 86453.783 | L12: 用户提供行情CSV | M12: 股票日行情 | N12: 45344 | O12: 11 | P12: 60 | Q12: -49 | R12: 事件前100个交易日
A13: 300054.SZ | B13: 45267 | C13: 23.83 | D13: 23.96 | E13: 23.44 | F13: 23.57 | G13: 23.9 | H13: -0.33 | I13: -1.3808 | J13: 37577.81 | K13: 88690.237 | L13: 用户提供行情CSV | M13: 股票日行情 | N13: 45344 | O13: 12 | P13: 60 | Q13: -48 | R13: 事件前100个交易日
... A64: 300054.SZ | B64: 45349 | C64: 20.01 | D64: 20.69 | E64: 19.82 | F64: 20.68 | G64: 20.01 | H64: 0.67 | I64: 3.3483 | J64: 94253.62 | K64: 191403.35 | L64: 用户提供行情CSV | M64: 股票日行情 | N64: 45344 | O64: 63 | P64: 60 | Q64: 3 | R64: 事件后5个交易日

Sheet 300474.SZ_元数据
A1: 字段 | B1: 内容
A2: 股票代码 | B2: 300474.SZ
A3: 事件名称 | B3: 显卡、通用GPU双线布局，管理变革推动创新
A4: 事件日期 | B4: 45876
A5: 数据来源 | B5: 事件库1.csv + 股票日行情CSV
A6: 分类规则 | B6: 前100个交易日 / 后5个交易日
A7: 说明 | B7: 使用事件库匹配事件，并按事件日期定位 T0；若事件日非交易日，则顺延到下一交易日。
A8: 原始事件日期 | B8: 45876
A9: 事件ID | B9: 22
A10: 事件类型 | B10: 技术
A11: 行业 | B11: GPU
A12: 内容链接 | B12: http://data.eastmoney.com/report/zw_stock.jshtml?infocode=AP202508071723199368
A13: 对齐说明 | B13: 已匹配

Sheet 300474.SZ_行情
A1: 代码 | B1: 日期 | C1: 开盘价 | D1: 最高价 | E1: 最低价 | F1: 收盘价 | G1: 昨日收盘价 | H1: 变化量 | I1: 涨跌幅 | J1: 成交量 | K1: 金额 | L1: 数据来源 | M1: 数据分类 | N1: 事件日期 | O1: 交易日序号 | P1: 事件交易日序号 | Q1: 相对交易日 | R1: 窗口标签 | S1: 备注
A2: 300474.SZ | B2: 45784 | C2: 70.92 | D2: 71.27 | E2: 67.51 | F2: 68.2 | G2: 70.62 | H2: -2.42 | I2: -3.4268 | J2: 243544.18 | K2: 1678559.4 | L2: ='300474.SZ_元数据'!$B$5 -> 事件库1.csv + 股票日行情CSV | M2: 股票日行情 | N2: ='300474.SZ_元数据'!$B$4 -> 45876 | O2: =ROW()-1 -> 1 | P2: =IFERROR(MATCH($N2,$B$2:$B$70,0),"") -> 66 | Q2: =IF(OR($P2="",$O2=""),"",$O2-$P2) -> -65 | R2: =IF($Q2="","",IF(AND($Q2>=-100,$Q2<=-1),"事件前100个交易日",IF(AND($Q2>=1,$Q2<=5),"事件后5个交易日",IF($Q2=0,"事件当日","其他区间")))) -> 事件前100个交易日
A3: 300474.SZ | B3: 45785 | C3: 68.2 | D3: 70.86 | E3: 67.42 | F3: 70.57 | G3: 68.2 | H3: 2.37 | I3: 3.4751 | J3: 194454.56 | K3: 1354143.3 | L3: ='300474.SZ_元数据'!$B$5 -> 事件库1.csv + 股票日行情CSV | M3: 股票日行情 | N3: ='300474.SZ_元数据'!$B$4 -> 45876 | O3: =ROW()-1 -> 2 | P3: =IFERROR(MATCH($N3,$B$2:$B$70,0),"") -> 66 | Q3: =IF(OR($P3="",$O3=""),"",$O3-$P3) -> -64 | R3: =IF($Q3="","",IF(AND($Q3>=-100,$Q3<=-1),"事件前100个交易日",IF(AND($Q3>=1,$Q3<=5),"事件后5个交易日",IF($Q3=0,"事件当日","其他区间")))) -> 事件前100个交易日
A4: 300474.SZ | B4: 45786 | C4: 71 | D4: 71.92 | E4: 68.88 | F4: 69.1 | G4: 70.57 | H4: -1.47 | I4: -2.083 | J4: 144415.06 | K4: 1009844.4 | L4: ='300474.SZ_元数据'!$B$5 -> 事件库1.csv + 股票日行情CSV | M4: 股票日行情 | N4: ='300474.SZ_元数据'!$B$4 -> 45876 | O4: =ROW()-1 -> 3 | P4: =IFERROR(MATCH($N4,$B$2:$B$70,0),"") -> 66 | Q4: =IF(OR($P4="",$O4=""),"",$O4-$P4) -> -63 | R4: =IF($Q4="","",IF(AND($Q4>=-100,$Q4<=-1),"事件前100个交易日",IF(AND($Q4>=1,$Q4<=5),"事件后5个交易日",IF($Q4=0,"事件当日","其他区间")))) -> 事件前100个交易日
A5: 300474.SZ | B5: 45789 | C5: 70.2 | D5: 74 | E5: 69.65 | F5: 72.53 | G5: 69.1 | H5: 3.43 | I5: 4.9638 | J5: 231225.13 | K5: 1667221.3 | L5: ='300474.SZ_元数据'!$B$5 -> 事件库1.csv + 股票日行情CSV | M5: 股票日行情 | N5: ='300474.SZ_元数据'!$B$4 -> 45876 | O5: =ROW()-1 -> 4 | P5: =IFERROR(MATCH($N5,$B$2:$B$70,0),"") -> 66 | Q5: =IF(OR($P5="",$O5=""),"",$O5-$P5) -> -62 | R5: =IF($Q5="","",IF(AND($Q5>=-100,$Q5<=-1),"事件前100个交易日",IF(AND($Q5>=1,$Q5<=5),"事件后5个交易日",IF($Q5=0,"事件当日","其他区间")))) -> 事件前100个交易日
A6: 300474.SZ | B6: 45790 | C6: 73.02 | D6: 73.02 | E6: 70.23 | F6: 70.59 | G6: 72.53 | H6: -1.94 | I6: -2.6748 | J6: 174108.19 | K6: 1240781 | L6: ='300474.SZ_元数据'!$B$5 -> 事件库1.csv + 股票日行情CSV | M6: 股票日行情 | N6: ='300474.SZ_元数据'!$B$4 -> 45876 | O6: =ROW()-1 -> 5 | P6: =IFERROR(MATCH($N6,$B$2:$B$70,0),"") -> 66 | Q6: =IF(OR($P6="",$O6=""),"",$O6-$P6) -> -61 | R6: =IF($Q6="","",IF(AND($Q6>=-100,$Q6<=-1),"事件前100个交易日",IF(AND($Q6>=1,$Q6<=5),"事件后5个交易日",IF($Q6=0,"事件当日","其他区间")))) -> 事件前100个交易日
A7: 300474.SZ | B7: 45791 | C7: 70.7 | D7: 71.2 | E7: 69.41 | F7: 70.2 | G7: 70.59 | H7: -0.39 | I7: -0.5525 | J7: 127673.87 | K7: 895468.45 | L7: ='300474.SZ_元数据'!$B$5 -> 事件库1.csv + 股票日行情CSV | M7: 股票日行情 | N7: ='300474.SZ_元数据'!$B$4 -> 45876 | O7: =ROW()-1 -> 6 | P7: =IFERROR(MATCH($N7,$B$2:$B$70,0),"") -> 66 | Q7: =IF(OR($P7="",$O7=""),"",$O7-$P7) -> -60 | R7: =IF($Q7="","",IF(AND($Q7>=-100,$Q7<=-1),"事件前100个交易日",IF(AND($Q7>=1,$Q7<=5),"事件后5个交易日",IF($Q7=0,"事件当日","其他区间")))) -> 事件前100个交易日
A8: 300474.SZ | B8: 45792 | C8: 70.2 | D8: 70.2 | E8: 67.8 | F8: 67.8 | G8: 70.2 | H8: -2.4 | I8: -3.4188 | J8: 117503.9 | K8: 803715.93 | L8: ='300474.SZ_元数据'!$B$5 -> 事件库1.csv + 股票日行情CSV | M8: 股票日行情 | N8: ='300474.SZ_元数据'!$B$4 -> 45876 | O8: =ROW()-1 -> 7 | P8: =IFERROR(MATCH($N8,$B$2:$B$70,0),"") -> 66 | Q8: =IF(OR($P8="",$O8=""),"",$O8-$P8) -> -59 | R8: =IF($Q8="","",IF(AND($Q8>=-100,$Q8<=-1),"事件前100个交易日",IF(AND($Q8>=1,$Q8<=5),"事件后5个交易日",IF($Q8=0,"事件当日","其他区间")))) -> 事件前100个交易日
A9: 300474.SZ | B9: 45793 | C9: 67.41 | D9: 68.06 | E9: 67.21 | F9: 67.51 | G9: 67.8 | H9: -0.29 | I9: -0.4277 | J9: 67453.71 | K9: 456468.84 | L9: ='300474.SZ_元数据'!$B$5 -> 事件库1.csv + 股票日行情CSV | M9: 股票日行情 | N9: ='300474.SZ_元数据'!$B$4 -> 45876 | O9: =ROW()-1 -> 8 | P9: =IFERROR(MATCH($N9,$B$2:$B$70,0),"") -> 66 | Q9: =IF(OR($P9="",$O9=""),"",$O9-$P9) -> -58 | R9: =IF($Q9="","",IF(AND($Q9>=-100,$Q9<=-1),"事件前100个交易日",IF(AND($Q9>=1,$Q9<=5),"事件后5个交易日",IF($Q9=0,"事件当日","其他区间")))) -> 事件前100个交易日
A10: 300474.SZ | B10: 45796 | C10: 67.78 | D10: 68.18 | E10: 66.84 | F10: 68 | G10: 67.51 | H10: 0.49 | I10: 0.7258 | J10: 76675.83 | K10: 519214.91 | L10: ='300474.SZ_元数据'!$B$5 -> 事件库1.csv + 股票日行情CSV | M10: 股票日行情 | N10: ='300474.SZ_元数据'!$B$4 -> 45876 | O10: =ROW()-1 -> 9 | P10: =IFERROR(MATCH($N10,$B$2:$B$70,0),"") -> 66 | Q10: =IF(OR($P10="",$O10=""),"",$O10-$P10) -> -57 | R10: =IF($Q10="","",IF(AND($Q10>=-100,$Q10<=-1),"事件前100个交易日",IF(AND($Q10>=1,$Q10<=5),"事件后5个交易日",IF($Q10=0,"事件当日","其他区间")))) -> 事件前100个交易日
A11: 300474.SZ | B11: 45797 | C11: 67.8 | D11: 68.13 | E11: 67.3 | F11: 67.73 | G11: 68 | H11: -0.27 | I11: -0.3971 | J11: 70379.34 | K11: 476461.35 | L11: ='300474.SZ_元数据'!$B$5 -> 事件库1.csv + 股票日行情CSV | M11: 股票日行情 | N11: ='300474.SZ_元数据'!$B$4 -> 45876 | O11: =ROW()-1 -> 10 | P11: =IFERROR(MATCH($N11,$B$2:$B$70,0),"") -> 66 | Q11: =IF(OR($P11="",$O11=""),"",$O11-$P11) -> -56 | R11: =IF($Q11="","",IF(AND($Q11>=-100,$Q11<=-1),"事件前100个交易日",IF(AND($Q11>=1,$Q11<=5),"事件后5个交易日",IF($Q11=0,"事件当日","其他区间")))) -> 事件前100个交易日
A12: 300474.SZ | B12: 45798 | C12: 67.61 | D12: 67.87 | E12: 67 | F12: 67.06 | G12: 67.73 | H12: -0.67 | I12: -0.9892 | J12: 67646.26 | K12: 455340.74 | L12: ='300474.SZ_元数据'!$B$5 -> 事件库1.csv + 股票日行情CSV | M12: 股票日行情 | N12: ='300474.SZ_元数据'!$B$4 -> 45876 | O12: =ROW()-1 -> 11 | P12: =IFERROR(MATCH($N12,$B$2:$B$70,0),"") -> 66 | Q12: =IF(OR($P12="",$O12=""),"",$O12-$P12) -> -55 | R12: =IF($Q12="","",IF(AND($Q12>=-100,$Q12<=-1),"事件前100个交易日",IF(AND($Q12>=1,$Q12<=5),"事件后5个交易日",IF($Q12=0,"事件当日","其他区间")))) -> 事件前100个交易日
A13: 300474.SZ | B13: 45799 | C13: 66.9 | D13: 67.8 | E13: 66.66 | F13: 66.71 | G13: 67.06 | H13: -0.35 | I13: -0.5219 | J13: 63228.07 | K13: 424528.16 | L13: ='300474.SZ_元数据'!$B$5 -> 事件库1.csv + 股票日行情CSV | M13: 股票日行情 | N13: ='300474.SZ_元数据'!$B$4 -> 45876 | O13: =ROW()-1 -> 12 | P13: =IFERROR(MATCH($N13,$B$2:$B$70,0),"") -> 66 | Q13: =IF(OR($P13="",$O13=""),"",$O13-$P13) -> -54 | R13: =IF($Q13="","",IF(AND($Q13>=-100,$Q13<=-1),"事件前100个交易日",IF(AND($Q13>=1,$Q13<=5),"事件后5个交易日",IF($Q13=0,"事件当日","其他区间")))) -> 事件前100个交易日
... A66: 300474.SZ | B66: 45875 | C66: 83.1 | D66: 84.76 | E66: 82.55 | F66: 83.97 | G66: 84.75 | H66: -0.78 | I66: -0.9204 | J66: 215309.99 | K66: 1799891.1 | L66: ='300474.SZ_元数据'!$B$5 -> 事件库1.csv + 股票日行情CSV | M66: 股票日行情 | N66: ='300474.SZ_元数据'!$B$4 -> 45876 | O66: =ROW()-1 -> 65 | P66: =IFERROR(MATCH($N66,$B$2:$B$70,0),"") -> 66 | Q66: =IF(OR($P66="",$O66=""),"",$O66-$P66) -> -1 | R66: =IF($Q66="","",IF(AND($Q66>=-100,$Q66<=-1),"事件前100个交易日",IF(AND($Q66>=1,$Q66<=5),"事件后5个交易日",IF($Q66=0,"事件当日","其他区间")))) -> 事件前100个交易日
A67: 300474.SZ | B67: 45876 | C67: 84 | D67: 87.44 | E67: 83.02 | F67: 84.12 | G67: 83.97 | H67: 0.15 | I67: 0.1786 | J67: 275588.72 | K67: 2345494.2 | L67: ='300474.SZ_元数据'!$B$5 -> 事件库1.csv + 股票日行情CSV | M67: 股票日行情 | N67: ='300474.SZ_元数据'!$B$4 -> 45876 | O67: =ROW()-1 -> 66 | P67: =IFERROR(MATCH($N67,$B$2:$B$70,0),"") -> 66 | Q67: =IF(OR($P67="",$O67=""),"",$O67-$P67) -> 0 | R67: =IF($Q67="","",IF(AND($Q67>=-100,$Q67<=-1),"事件前100个交易日",IF(AND($Q67>=1,$Q67<=5),"事件后5个交易日",IF($Q67=0,"事件当日","其他区间")))) -> 事件当日 | S67: 原始事件日期非交易日，T0顺延至2025-08-07；事件前仅有65个交易日；事件后仅有3个交易日
A68: 300474.SZ | B68: 45877 | C68: 83.51 | D68: 83.89 | E68: 81.28 | F68: 82.2 | G68: 84.12 | H68: -1.92 | I68: -2.2825 | J68: 201460.32 | K68: 1656443.7 | L68: ='300474.SZ_元数据'!$B$5 -> 事件库1.csv + 股票日行情CSV | M68: 股票日行情 | N68: ='300474.SZ_元数据'!$B$4 -> 45876 | O68: =ROW()-1 -> 67 | P68: =IFERROR(MATCH($N68,$B$2:$B$70,0),"") -> 66 | Q68: =IF(OR($P68="",$O68=""),"",$O68-$P68) -> 1 | R68: =IF($Q68="","",IF(AND($Q68>=-100,$Q68<=-1),"事件前100个交易日",IF(AND($Q68>=1,$Q68<=5),"事件后5个交易日",IF($Q68=0,"事件当日","其他区间")))) -> 事件后5个交易日
A69: 300474.SZ | B69: 45880 | C69: 81.51 | D69: 84.86 | E69: 81.51 | F69: 83.9 | G69: 82.2 | H69: 1.7 | I69: 2.0681 | J69: 158830.23 | K69: 1320713 | L69: ='300474.SZ_元数据'!$B$5 -> 事件库1.csv + 股票日行情CSV | M69: 股票日行情 | N69: ='300474.SZ_元数据'!$B$4 -> 45876 | O69: =ROW()-1 -> 68 | P69: =IFERROR(MATCH($N69,$B$2:$B$70,0),"") -> 66 | Q69: =IF(OR($P69="",$O69=""),"",$O69-$P69) -> 2 | R69: =IF($Q69="","",IF(AND($Q69>=-100,$Q69<=-1),"事件前100个交易日",IF(AND($Q69>=1,$Q69<=5),"事件后5个交易日",IF($Q69=0,"事件当日","其他区间")))) -> 事件后5个交易日
A70: 300474.SZ | B70: 45881 | C70: 83.66 | D70: 86.12 | E70: 80.33 | F70: 85.22 | G70: 83.9 | H70: 1.32 | I70: 1.5733 | J70: 292933.69 | K70: 2452614.7 | L70: ='300474.SZ_元数据'!$B$5 -> 事件库1.csv + 股票日行情CSV | M70: 股票日行情 | N70: ='300474.SZ_元数据'!$B$4 -> 45876 | O70: =ROW()-1 -> 69 | P70: =IFERROR(MATCH($N70,$B$2:$B$70,0),"") -> 66 | Q70: =IF(OR($P70="",$O70=""),"",$O70-$P70) -> 3 | R70: =IF($Q70="","",IF(AND($Q70>=-100,$Q70<=-1),"事件前100个交易日",IF(AND($Q70>=1,$Q70<=5),"事件后5个交易日",IF($Q70=0,"事件当日","其他区间")))) -> 事件后5个交易日

Sheet 300496.SZ_元数据
A1: 字段 | B1: 内容
A2: 股票代码 | B2: 300496.SZ
A3: 事件名称 | B3: 智能汽车保持高增，大模型+边缘计算彰显长期价值
A4: 事件日期 | B4: 45159
A5: 数据来源 | B5: 事件库1.csv + 股票日行情CSV
A6: 分类规则 | B6: 前100个交易日 / 后5个交易日
A7: 说明 | B7: 使用事件库匹配事件，并按事件日期定位 T0；若事件日非交易日，则顺延到下一交易日。
A8: 原始事件日期 | B8: 45159
A9: 事件ID | B9: 35
A10: 事件类型 | B10: 技术
A11: 行业 | B11: 边缘计算
A12: 内容链接 | B12: http://data.eastmoney.com/report/zw_stock.jshtml?infocode=AP202308201595380625
A13: 对齐说明 | B13: 已匹配

Sheet 300496.SZ_行情
A1: 代码 | B1: 日期 | C1: 开盘价 | D1: 最高价 | E1: 最低价 | F1: 收盘价 | G1: 昨日收盘价 | H1: 变化量 | I1: 涨跌幅 | J1: 成交量 | K1: 金额 | L1: 数据来源 | M1: 数据分类 | N1: 事件日期 | O1: 交易日序号 | P1: 事件交易日序号 | Q1: 相对交易日 | R1: 窗口标签 | S1: 备注
A2: 300496.SZ | B2: 45068 | C2: 90.2 | D2: 90.58 | E2: 87.45 | F2: 88.18 | G2: 89.97 | H2: -1.79 | I2: -1.9896 | J2: 69551.14 | K2: 615237.41 | L2: ='300496.SZ_元数据'!$B$5 -> 事件库1.csv + 股票日行情CSV | M2: 股票日行情 | N2: ='300496.SZ_元数据'!$B$4 -> 45159 | O2: =ROW()-1 -> 1 | P2: =IFERROR(MATCH($N2,$B$2:$B$69,0),"") -> 64 | Q2: =IF(OR($P2="",$O2=""),"",$O2-$P2) -> -63 | R2: =IF($Q2="","",IF(AND($Q2>=-100,$Q2<=-1),"事件前100个交易日",IF(AND($Q2>=1,$Q2<=5),"事件后5个交易日",IF($Q2=0,"事件当日","其他区间")))) -> 事件前100个交易日
A3: 300496.SZ | B3: 45069 | C3: 88.01 | D3: 88.17 | E3: 84.12 | F3: 84.17 | G3: 88.18 | H3: -4.01 | I3: -4.5475 | J3: 104290.34 | K3: 892746.89 | L3: ='300496.SZ_元数据'!$B$5 -> 事件库1.csv + 股票日行情CSV | M3: 股票日行情 | N3: ='300496.SZ_元数据'!$B$4 -> 45159 | O3: =ROW()-1 -> 2 | P3: =IFERROR(MATCH($N3,$B$2:$B$69,0),"") -> 64 | Q3: =IF(OR($P3="",$O3=""),"",$O3-$P3) -> -62 | R3: =IF($Q3="","",IF(AND($Q3>=-100,$Q3<=-1),"事件前100个交易日",IF(AND($Q3>=1,$Q3<=5),"事件后5个交易日",IF($Q3=0,"事件当日","其他区间")))) -> 事件前100个交易日
A4: 300496.SZ | B4: 45070 | C4: 83.97 | D4: 85.47 | E4: 83.6 | F4: 84.1 | G4: 84.17 | H4: -0.07 | I4: -0.0832 | J4: 61353.96 | K4: 518683.89 | L4: ='300496.SZ_元数据'!$B$5 -> 事件库1.csv + 股票日行情CSV | M4: 股票日行情 | N4: ='300496.SZ_元数据'!$B$4 -> 45159 | O4: =ROW()-1 -> 3 | P4: =IFERROR(MATCH($N4,$B$2:$B$69,0),"") -> 64 | Q4: =IF(OR($P4="",$O4=""),"",$O4-$P4) -> -61 | R4: =IF($Q4="","",IF(AND($Q4>=-100,$Q4<=-1),"事件前100个交易日",IF(AND($Q4>=1,$Q4<=5),"事件后5个交易日",IF($Q4=0,"事件当日","其他区间")))) -> 事件前100个交易日
A5: 300496.SZ | B5: 45071 | C5: 85 | D5: 85.7 | E5: 82.4 | F5: 83.49 | G5: 84.1 | H5: -0.61 | I5: -0.7253 | J5: 58980.94 | K5: 493956 | L5: ='300496.SZ_元数据'!$B$5 -> 事件库1.csv + 股票日行情CSV | M5: 股票日行情 | N5: ='300496.SZ_元数据'!$B$4 -> 45159 | O5: =ROW()-1 -> 4 | P5: =IFERROR(MATCH($N5,$B$2:$B$69,0),"") -> 64 | Q5: =IF(OR($P5="",$O5=""),"",$O5-$P5) -> -60 | R5: =IF($Q5="","",IF(AND($Q5>=-100,$Q5<=-1),"事件前100个交易日",IF(AND($Q5>=1,$Q5<=5),"事件后5个交易日",IF($Q5=0,"事件当日","其他区间")))) -> 事件前100个交易日
A6: 300496.SZ | B6: 45072 | C6: 83.81 | D6: 83.93 | E6: 82.22 | F6: 83.45 | G6: 83.49 | H6: -0.04 | I6: -0.0479 | J6: 49244.53 | K6: 408992.13 | L6: ='300496.SZ_元数据'!$B$5 -> 事件库1.csv + 股票日行情CSV | M6: 股票日行情 | N6: ='300496.SZ_元数据'!$B$4 -> 45159 | O6: =ROW()-1 -> 5 | P6: =IFERROR(MATCH($N6,$B$2:$B$69,0),"") -> 64 | Q6: =IF(OR($P6="",$O6=""),"",$O6-$P6) -> -59 | R6: =IF($Q6="","",IF(AND($Q6>=-100,$Q6<=-1),"事件前100个交易日",IF(AND($Q6>=1,$Q6<=5),"事件后5个交易日",IF($Q6=0,"事件当日","其他区间")))) -> 事件前100个交易日
A7: 300496.SZ | B7: 45075 | C7: 85.46 | D7: 95.89 | E7: 85.39 | F7: 92.28 | G7: 83.45 | H7: 8.83 | I7: 10.5812 | J7: 251089.21 | K7: 2282135.6 | L7: ='300496.SZ_元数据'!$B$5 -> 事件库1.csv + 股票日行情CSV | M7: 股票日行情 | N7: ='300496.SZ_元数据'!$B$4 -> 45159 | O7: =ROW()-1 -> 6 | P7: =IFERROR(MATCH($N7,$B$2:$B$69,0),"") -> 64 | Q7: =IF(OR($P7="",$O7=""),"",$O7-$P7) -> -58 | R7: =IF($Q7="","",IF(AND($Q7>=-100,$Q7<=-1),"事件前100个交易日",IF(AND($Q7>=1,$Q7<=5),"事件后5个交易日",IF($Q7=0,"事件当日","其他区间")))) -> 事件前100个交易日
A8: 300496.SZ | B8: 45076 | C8: 91 | D8: 91.63 | E8: 89 | F8: 91.48 | G8: 92.28 | H8: -0.8 | I8: -0.8669 | J8: 137877.49 | K8: 1244018.6 | L8: ='300496.SZ_元数据'!$B$5 -> 事件库1.csv + 股票日行情CSV | M8: 股票日行情 | N8: ='300496.SZ_元数据'!$B$4 -> 45159 | O8: =ROW()-1 -> 7 | P8: =IFERROR(MATCH($N8,$B$2:$B$69,0),"") -> 64 | Q8: =IF(OR($P8="",$O8=""),"",$O8-$P8) -> -57 | R8: =IF($Q8="","",IF(AND($Q8>=-100,$Q8<=-1),"事件前100个交易日",IF(AND($Q8>=1,$Q8<=5),"事件后5个交易日",IF($Q8=0,"事件当日","其他区间")))) -> 事件前100个交易日
A9: 300496.SZ | B9: 45077 | C9: 95.59 | D9: 98.9 | E9: 95.59 | F9: 97.8 | G9: 91.48 | H9: 6.32 | I9: 6.9086 | J9: 258506.08 | K9: 2510750.9 | L9: ='300496.SZ_元数据'!$B$5 -> 事件库1.csv + 股票日行情CSV | M9: 股票日行情 | N9: ='300496.SZ_元数据'!$B$4 -> 45159 | O9: =ROW()-1 -> 8 | P9: =IFERROR(MATCH($N9,$B$2:$B$69,0),"") -> 64 | Q9: =IF(OR($P9="",$O9=""),"",$O9-$P9) -> -56 | R9: =IF($Q9="","",IF(AND($Q9>=-100,$Q9<=-1),"事件前100个交易日",IF(AND($Q9>=1,$Q9<=5),"事件后5个交易日",IF($Q9=0,"事件当日","其他区间")))) -> 事件前100个交易日
A10: 300496.SZ | B10: 45078 | C10: 95 | D10: 100.25 | E10: 94.72 | F10: 99.62 | G10: 97.8 | H10: 1.82 | I10: 1.8609 | J10: 212127.97 | K10: 2087758.7 | L10: ='300496.SZ_元数据'!$B$5 -> 事件库1.csv + 股票日行情CSV | M10: 股票日行情 | N10: ='300496.SZ_元数据'!$B$4 -> 45159 | O10: =ROW()-1 -> 9 | P10: =IFERROR(MATCH($N10,$B$2:$B$69,0),"") -> 64 | Q10: =IF(OR($P10="",$O10=""),"",$O10-$P10) -> -55 | R10: =IF($Q10="","",IF(AND($Q10>=-100,$Q10<=-1),"事件前100个交易日",IF(AND($Q10>=1,$Q10<=5),"事件后5个交易日",IF($Q10=0,"事件当日","其他区间")))) -> 事件前100个交易日
A11: 300496.SZ | B11: 45079 | C11: 100 | D11: 105.39 | E11: 99.62 | F11: 100.7 | G11: 99.62 | H11: 1.08 | I11: 1.0841 | J11: 216975.96 | K11: 2212574.5 | L11: ='300496.SZ_元数据'!$B$5 -> 事件库1.csv + 股票日行情CSV | M11: 股票日行情 | N11: ='300496.SZ_元数据'!$B$4 -> 45159 | O11: =ROW()-1 -> 10 | P11: =IFERROR(MATCH($N11,$B$2:$B$69,0),"") -> 64 | Q11: =IF(OR($P11="",$O11=""),"",$O11-$P11) -> -54 | R11: =IF($Q11="","",IF(AND($Q11>=-100,$Q11<=-1),"事件前100个交易日",IF(AND($Q11>=1,$Q11<=5),"事件后5个交易日",IF($Q11=0,"事件当日","其他区间")))) -> 事件前100个交易日
A12: 300496.SZ | B12: 45082 | C12: 99.5 | D12: 102.35 | E12: 98.94 | F12: 99.77 | G12: 100.7 | H12: -0.93 | I12: -0.9235 | J12: 122011.74 | K12: 1226211.8 | L12: ='300496.SZ_元数据'!$B$5 -> 事件库1.csv + 股票日行情CSV | M12: 股票日行情 | N12: ='300496.SZ_元数据'!$B$4 -> 45159 | O12: =ROW()-1 -> 11 | P12: =IFERROR(MATCH($N12,$B$2:$B$69,0),"") -> 64 | Q12: =IF(OR($P12="",$O12=""),"",$O12-$P12) -> -53 | R12: =IF($Q12="","",IF(AND($Q12>=-100,$Q12<=-1),"事件前100个交易日",IF(AND($Q12>=1,$Q12<=5),"事件后5个交易日",IF($Q12=0,"事件当日","其他区间")))) -> 事件前100个交易日
A13: 300496.SZ | B13: 45083 | C13: 99.28 | D13: 99.85 | E13: 93.88 | F13: 94.13 | G13: 99.77 | H13: -5.64 | I13: -5.653 | J13: 157192.54 | K13: 1509341.4 | L13: ='300496.SZ_元数据'!$B$5 -> 事件库1.csv + 股票日行情CSV | M13: 股票日行情 | N13: ='300496.SZ_元数据'!$B$4 -> 45159 | O13: =ROW()-1 -> 12 | P13: =IFERROR(MATCH($N13,$B$2:$B$69,0),"") -> 64 | Q13: =IF(OR($P13="",$O13=""),"",$O13-$P13) -> -52 | R13: =IF($Q13="","",IF(AND($Q13>=-100,$Q13<=-1),"事件前100个交易日",IF(AND($Q13>=1,$Q13<=5),"事件后5个交易日",IF($Q13=0,"事件当日","其他区间")))) -> 事件前100个交易日
... A64: 300496.SZ | B64: 45156 | C64: 82.83 | D64: 83.01 | E64: 80.42 | F64: 80.42 | G64: 82.74 | H64: -2.32 | I64: -2.804 | J64: 58783.74 | K64: 478159.25 | L64: ='300496.SZ_元数据'!$B$5 -> 事件库1.csv + 股票日行情CSV | M64: 股票日行情 | N64: ='300496.SZ_元数据'!$B$4 -> 45159 | O64: =ROW()-1 -> 63 | P64: =IFERROR(MATCH($N64,$B$2:$B$69,0),"") -> 64 | Q64: =IF(OR($P64="",$O64=""),"",$O64-$P64) -> -1 | R64: =IF($Q64="","",IF(AND($Q64>=-100,$Q64<=-1),"事件前100个交易日",IF(AND($Q64>=1,$Q64<=5),"事件后5个交易日",IF($Q64=0,"事件当日","其他区间")))) -> 事件前100个交易日
A65: 300496.SZ | B65: 45159 | C65: 80.01 | D65: 81.5 | E65: 79.85 | F65: 80.26 | G65: 80.42 | H65: -0.16 | I65: -0.199 | J65: 40220.38 | K65: 324091.71 | L65: ='300496.SZ_元数据'!$B$5 -> 事件库1.csv + 股票日行情CSV | M65: 股票日行情 | N65: ='300496.SZ_元数据'!$B$4 -> 45159 | O65: =ROW()-1 -> 64 | P65: =IFERROR(MATCH($N65,$B$2:$B$69,0),"") -> 64 | Q65: =IF(OR($P65="",$O65=""),"",$O65-$P65) -> 0 | R65: =IF($Q65="","",IF(AND($Q65>=-100,$Q65<=-1),"事件前100个交易日",IF(AND($Q65>=1,$Q65<=5),"事件后5个交易日",IF($Q65=0,"事件当日","其他区间")))) -> 事件当日 | S65: 原始事件日期非交易日，T0顺延至2023-08-21；事件前仅有63个交易日；事件后仅有4个交易日
A66: 300496.SZ | B66: 45160 | C66: 81 | D66: 81.46 | E66: 77.9 | F66: 80.78 | G66: 80.26 | H66: 0.52 | I66: 0.6479 | J66: 79807.63 | K66: 635112.17 | L66: ='300496.SZ_元数据'!$B$5 -> 事件库1.csv + 股票日行情CSV | M66: 股票日行情 | N66: ='300496.SZ_元数据'!$B$4 -> 45159 | O66: =ROW()-1 -> 65 | P66: =IFERROR(MATCH($N66,$B$2:$B$69,0),"") -> 64 | Q66: =IF(OR($P66="",$O66=""),"",$O66-$P66) -> 1 | R66: =IF($Q66="","",IF(AND($Q66>=-100,$Q66<=-1),"事件前100个交易日",IF(AND($Q66>=1,$Q66<=5),"事件后5个交易日",IF($Q66=0,"事件当日","其他区间")))) -> 事件后5个交易日
A67: 300496.SZ | B67: 45161 | C67: 80.61 | D67: 80.61 | E67: 77.1 | F67: 77.11 | G67: 80.78 | H67: -3.67 | I67: -4.5432 | J67: 60059.69 | K67: 470627.09 | L67: ='300496.SZ_元数据'!$B$5 -> 事件库1.csv + 股票日行情CSV | M67: 股票日行情 | N67: ='300496.SZ_元数据'!$B$4 -> 45159 | O67: =ROW()-1 -> 66 | P67: =IFERROR(MATCH($N67,$B$2:$B$69,0),"") -> 64 | Q67: =IF(OR($P67="",$O67=""),"",$O67-$P67) -> 2 | R67: =IF($Q67="","",IF(AND($Q67>=-100,$Q67<=-1),"事件前100个交易日",IF(AND($Q67>=1,$Q67<=5),"事件后5个交易日",IF($Q67=0,"事件当日","其他区间")))) -> 事件后5个交易日
A68: 300496.SZ | B68: 45162 | C68: 78 | D68: 78.96 | E68: 77.42 | F68: 77.45 | G68: 77.11 | H68: 0.34 | I68: 0.4409 | J68: 51280.17 | K68: 400481.76 | L68: ='300496.SZ_元数据'!$B$5 -> 事件库1.csv + 股票日行情CSV | M68: 股票日行情 | N68: ='300496.SZ_元数据'!$B$4 -> 45159 | O68: =ROW()-1 -> 67 | P68: =IFERROR(MATCH($N68,$B$2:$B$69,0),"") -> 64 | Q68: =IF(OR($P68="",$O68=""),"",$O68-$P68) -> 3 | R68: =IF($Q68="","",IF(AND($Q68>=-100,$Q68<=-1),"事件前100个交易日",IF(AND($Q68>=1,$Q68<=5),"事件后5个交易日",IF($Q68=0,"事件当日","其他区间")))) -> 事件后5个交易日
A69: 300496.SZ | B69: 45163 | C69: 76.9 | D69: 76.9 | E69: 74.11 | F69: 74.72 | G69: 77.45 | H69: -2.73 | I69: -3.5249 | J69: 66127.75 | K69: 498201.8 | L69: ='300496.SZ_元数据'!$B$5 -> 事件库1.csv + 股票日行情CSV | M69: 股票日行情 | N69: ='300496.SZ_元数据'!$B$4 -> 45159 | O69: =ROW()-1 -> 68 | P69: =IFERROR(MATCH($N69,$B$2:$B$69,0),"") -> 64 | Q69: =IF(OR($P69="",$O69=""),"",$O69-$P69) -> 4 | R69: =IF($Q69="","",IF(AND($Q69>=-100,$Q69<=-1),"事件前100个交易日",IF(AND($Q69>=1,$Q69<=5),"事件后5个交易日",IF($Q69=0,"事件当日","其他区间")))) -> 事件后5个交易日

Sheet 300571.SZ_元数据
A1: 字段 | B1: 内容
A2: 股票代码 | B2: 300571.SZ
A3: 事件名称 | B3: 平治信息： 关于陕西电信GPU算力建设项目进展暨签订框架协议的公告
A4: 事件日期 | B4: 45803
A5: 数据来源 | B5: 事件库1.csv + 股票日行情CSV
A6: 分类规则 | B6: 前100个交易日 / 后5个交易日
A7: 说明 | B7: 使用事件库匹配事件，并按事件日期定位 T0；若事件日非交易日，则顺延到下一交易日。
A8: 原始事件日期 | B8: 45803
A9: 事件ID | B9: 29
A10: 事件类型 | B10: 公司行为
A11: 行业 | B11: GPU
A12: 内容链接 | B12: https://www.cninfo.com.cn/new/disclosure/detail?orgId=9900029947&announcementId=1223682100&announcementTime=2025-05-26%2017:00
A13: 对齐说明 | B13: 已匹配

Sheet 300571.SZ_行情
A1: 代码 | B1: 日期 | C1: 开盘价 | D1: 最高价 | E1: 最低价 | F1: 收盘价 | G1: 昨日收盘价 | H1: 变化量 | I1: 涨跌幅 | J1: 成交量 | K1: 金额 | L1: 数据来源 | M1: 数据分类 | N1: 事件日期 | O1: 交易日序号 | P1: 事件交易日序号 | Q1: 相对交易日 | R1: 窗口标签 | S1: 备注
A2: 300571.SZ | B2: 45714 | C2: 36.68 | D2: 37.4 | E2: 35.76 | F2: 36.92 | G2: 36.68 | H2: 0.24 | I2: 0.6543 | J2: 143702.71 | K2: 526603.31 | L2: ='300571.SZ_元数据'!$B$5 -> 事件库1.csv + 股票日行情CSV | M2: 股票日行情 | N2: ='300571.SZ_元数据'!$B$4 -> 45803 | O2: =ROW()-1 -> 1 | P2: =IFERROR(MATCH($N2,$B$2:$B$65,0),"") -> 60 | Q2: =IF(OR($P2="",$O2=""),"",$O2-$P2) -> -59 | R2: =IF($Q2="","",IF(AND($Q2>=-100,$Q2<=-1),"事件前100个交易日",IF(AND($Q2>=1,$Q2<=5),"事件后5个交易日",IF($Q2=0,"事件当日","其他区间")))) -> 事件前100个交易日
A3: 300571.SZ | B3: 45715 | C3: 36.6 | D3: 39.12 | E3: 34.8 | F3: 38.19 | G3: 36.92 | H3: 1.27 | I3: 3.4399 | J3: 227485.96 | K3: 839919.05 | L3: ='300571.SZ_元数据'!$B$5 -> 事件库1.csv + 股票日行情CSV | M3: 股票日行情 | N3: ='300571.SZ_元数据'!$B$4 -> 45803 | O3: =ROW()-1 -> 2 | P3: =IFERROR(MATCH($N3,$B$2:$B$65,0),"") -> 60 | Q3: =IF(OR($P3="",$O3=""),"",$O3-$P3) -> -58 | R3: =IF($Q3="","",IF(AND($Q3>=-100,$Q3<=-1),"事件前100个交易日",IF(AND($Q3>=1,$Q3<=5),"事件后5个交易日",IF($Q3=0,"事件当日","其他区间")))) -> 事件前100个交易日
A4: 300571.SZ | B4: 45716 | C4: 37.69 | D4: 37.69 | E4: 33.33 | F4: 33.6 | G4: 38.19 | H4: -4.59 | I4: -12.0189 | J4: 155922.5 | K4: 549045.28 | L4: ='300571.SZ_元数据'!$B$5 -> 事件库1.csv + 股票日行情CSV | M4: 股票日行情 | N4: ='300571.SZ_元数据'!$B$4 -> 45803 | O4: =ROW()-1 -> 3 | P4: =IFERROR(MATCH($N4,$B$2:$B$65,0),"") -> 60 | Q4: =IF(OR($P4="",$O4=""),"",$O4-$P4) -> -57 | R4: =IF($Q4="","",IF(AND($Q4>=-100,$Q4<=-1),"事件前100个交易日",IF(AND($Q4>=1,$Q4<=5),"事件后5个交易日",IF($Q4=0,"事件当日","其他区间")))) -> 事件前100个交易日
A5: 300571.SZ | B5: 45719 | C5: 33.85 | D5: 34.06 | E5: 32 | F5: 32.6 | G5: 33.6 | H5: -1 | I5: -2.9762 | J5: 99991.08 | K5: 329220.36 | L5: ='300571.SZ_元数据'!$B$5 -> 事件库1.csv + 股票日行情CSV | M5: 股票日行情 | N5: ='300571.SZ_元数据'!$B$4 -> 45803 | O5: =ROW()-1 -> 4 | P5: =IFERROR(MATCH($N5,$B$2:$B$65,0),"") -> 60 | Q5: =IF(OR($P5="",$O5=""),"",$O5-$P5) -> -56 | R5: =IF($Q5="","",IF(AND($Q5>=-100,$Q5<=-1),"事件前100个交易日",IF(AND($Q5>=1,$Q5<=5),"事件后5个交易日",IF($Q5=0,"事件当日","其他区间")))) -> 事件前100个交易日
A6: 300571.SZ | B6: 45720 | C6: 32.18 | D6: 34.36 | E6: 31.81 | F6: 33.83 | G6: 32.6 | H6: 1.23 | I6: 3.773 | J6: 103739.59 | K6: 346002.41 | L6: ='300571.SZ_元数据'!$B$5 -> 事件库1.csv + 股票日行情CSV | M6: 股票日行情 | N6: ='300571.SZ_元数据'!$B$4 -> 45803 | O6: =ROW()-1 -> 5 | P6: =IFERROR(MATCH($N6,$B$2:$B$65,0),"") -> 60 | Q6: =IF(OR($P6="",$O6=""),"",$O6-$P6) -> -55 | R6: =IF($Q6="","",IF(AND($Q6>=-100,$Q6<=-1),"事件前100个交易日",IF(AND($Q6>=1,$Q6<=5),"事件后5个交易日",IF($Q6=0,"事件当日","其他区间")))) -> 事件前100个交易日
A7: 300571.SZ | B7: 45721 | C7: 35.08 | D7: 36.24 | E7: 34.65 | F7: 35.65 | G7: 33.83 | H7: 1.82 | I7: 5.3798 | J7: 142717.12 | K7: 505908.59 | L7: ='300571.SZ_元数据'!$B$5 -> 事件库1.csv + 股票日行情CSV | M7: 股票日行情 | N7: ='300571.SZ_元数据'!$B$4 -> 45803 | O7: =ROW()-1 -> 6 | P7: =IFERROR(MATCH($N7,$B$2:$B$65,0),"") -> 60 | Q7: =IF(OR($P7="",$O7=""),"",$O7-$P7) -> -54 | R7: =IF($Q7="","",IF(AND($Q7>=-100,$Q7<=-1),"事件前100个交易日",IF(AND($Q7>=1,$Q7<=5),"事件后5个交易日",IF($Q7=0,"事件当日","其他区间")))) -> 事件前100个交易日
A8: 300571.SZ | B8: 45722 | C8: 36.38 | D8: 38.2 | E8: 36.38 | F8: 37.91 | G8: 35.65 | H8: 2.26 | I8: 6.3394 | J8: 198111.04 | K8: 738385.41 | L8: ='300571.SZ_元数据'!$B$5 -> 事件库1.csv + 股票日行情CSV | M8: 股票日行情 | N8: ='300571.SZ_元数据'!$B$4 -> 45803 | O8: =ROW()-1 -> 7 | P8: =IFERROR(MATCH($N8,$B$2:$B$65,0),"") -> 60 | Q8: =IF(OR($P8="",$O8=""),"",$O8-$P8) -> -53 | R8: =IF($Q8="","",IF(AND($Q8>=-100,$Q8<=-1),"事件前100个交易日",IF(AND($Q8>=1,$Q8<=5),"事件后5个交易日",IF($Q8=0,"事件当日","其他区间")))) -> 事件前100个交易日
A9: 300571.SZ | B9: 45723 | C9: 36.66 | D9: 38.14 | E9: 35.88 | F9: 36.29 | G9: 37.91 | H9: -1.62 | I9: -4.2733 | J9: 150273.04 | K9: 555676.98 | L9: ='300571.SZ_元数据'!$B$5 -> 事件库1.csv + 股票日行情CSV | M9: 股票日行情 | N9: ='300571.SZ_元数据'!$B$4 -> 45803 | O9: =ROW()-1 -> 8 | P9: =IFERROR(MATCH($N9,$B$2:$B$65,0),"") -> 60 | Q9: =IF(OR($P9="",$O9=""),"",$O9-$P9) -> -52 | R9: =IF($Q9="","",IF(AND($Q9>=-100,$Q9<=-1),"事件前100个交易日",IF(AND($Q9>=1,$Q9<=5),"事件后5个交易日",IF($Q9=0,"事件当日","其他区间")))) -> 事件前100个交易日
A10: 300571.SZ | B10: 45726 | C10: 35.71 | D10: 36 | E10: 34.81 | F10: 35.66 | G10: 36.29 | H10: -0.63 | I10: -1.736 | J10: 84833 | K10: 299930.75 | L10: ='300571.SZ_元数据'!$B$5 -> 事件库1.csv + 股票日行情CSV | M10: 股票日行情 | N10: ='300571.SZ_元数据'!$B$4 -> 45803 | O10: =ROW()-1 -> 9 | P10: =IFERROR(MATCH($N10,$B$2:$B$65,0),"") -> 60 | Q10: =IF(OR($P10="",$O10=""),"",$O10-$P10) -> -51 | R10: =IF($Q10="","",IF(AND($Q10>=-100,$Q10<=-1),"事件前100个交易日",IF(AND($Q10>=1,$Q10<=5),"事件后5个交易日",IF($Q10=0,"事件当日","其他区间")))) -> 事件前100个交易日
A11: 300571.SZ | B11: 45727 | C11: 34.63 | D11: 35.6 | E11: 34.42 | F11: 35.24 | G11: 35.66 | H11: -0.42 | I11: -1.1778 | J11: 65993.28 | K11: 230738.9 | L11: ='300571.SZ_元数据'!$B$5 -> 事件库1.csv + 股票日行情CSV | M11: 股票日行情 | N11: ='300571.SZ_元数据'!$B$4 -> 45803 | O11: =ROW()-1 -> 10 | P11: =IFERROR(MATCH($N11,$B$2:$B$65,0),"") -> 60 | Q11: =IF(OR($P11="",$O11=""),"",$O11-$P11) -> -50 | R11: =IF($Q11="","",IF(AND($Q11>=-100,$Q11<=-1),"事件前100个交易日",IF(AND($Q11>=1,$Q11<=5),"事件后5个交易日",IF($Q11=0,"事件当日","其他区间")))) -> 事件前100个交易日
A12: 300571.SZ | B12: 45728 | C12: 36 | D12: 38.98 | E12: 36 | F12: 37.77 | G12: 35.24 | H12: 2.53 | I12: 7.1793 | J12: 198552.6 | K12: 741708.99 | L12: ='300571.SZ_元数据'!$B$5 -> 事件库1.csv + 股票日行情CSV | M12: 股票日行情 | N12: ='300571.SZ_元数据'!$B$4 -> 45803 | O12: =ROW()-1 -> 11 | P12: =IFERROR(MATCH($N12,$B$2:$B$65,0),"") -> 60 | Q12: =IF(OR($P12="",$O12=""),"",$O12-$P12) -> -49 | R12: =IF($Q12="","",IF(AND($Q12>=-100,$Q12<=-1),"事件前100个交易日",IF(AND($Q12>=1,$Q12<=5),"事件后5个交易日",IF($Q12=0,"事件当日","其他区间")))) -> 事件前100个交易日
A13: 300571.SZ | B13: 45729 | C13: 37.17 | D13: 37.76 | E13: 35.1 | F13: 36.08 | G13: 37.77 | H13: -1.69 | I13: -4.4745 | J13: 137214.67 | K13: 495057.62 | L13: ='300571.SZ_元数据'!$B$5 -> 事件库1.csv + 股票日行情CSV | M13: 股票日行情 | N13: ='300571.SZ_元数据'!$B$4 -> 45803 | O13: =ROW()-1 -> 12 | P13: =IFERROR(MATCH($N13,$B$2:$B$65,0),"") -> 60 | Q13: =IF(OR($P13="",$O13=""),"",$O13-$P13) -> -48 | R13: =IF($Q13="","",IF(AND($Q13>=-100,$Q13<=-1),"事件前100个交易日",IF(AND($Q13>=1,$Q13<=5),"事件后5个交易日",IF($Q13=0,"事件当日","其他区间")))) -> 事件前100个交易日
... A60: 300571.SZ | B60: 45800 | C60: 30.66 | D60: 30.79 | E60: 29.73 | F60: 29.77 | G60: 30.7 | H60: -0.93 | I60: -3.0293 | J60: 50668.36 | K60: 153008.55 | L60: ='300571.SZ_元数据'!$B$5 -> 事件库1.csv + 股票日行情CSV | M60: 股票日行情 | N60: ='300571.SZ_元数据'!$B$4 -> 45803 | O60: =ROW()-1 -> 59 | P60: =IFERROR(MATCH($N60,$B$2:$B$65,0),"") -> 60 | Q60: =IF(OR($P60="",$O60=""),"",$O60-$P60) -> -1 | R60: =IF($Q60="","",IF(AND($Q60>=-100,$Q60<=-1),"事件前100个交易日",IF(AND($Q60>=1,$Q60<=5),"事件后5个交易日",IF($Q60=0,"事件当日","其他区间")))) -> 事件前100个交易日
A61: 300571.SZ | B61: 45803 | C61: 30.15 | D61: 30.65 | E61: 29.77 | F61: 30.5 | G61: 29.77 | H61: 0.73 | I61: 2.4521 | J61: 42921 | K61: 129940.13 | L61: ='300571.SZ_元数据'!$B$5 -> 事件库1.csv + 股票日行情CSV | M61: 股票日行情 | N61: ='300571.SZ_元数据'!$B$4 -> 45803 | O61: =ROW()-1 -> 60 | P61: =IFERROR(MATCH($N61,$B$2:$B$65,0),"") -> 60 | Q61: =IF(OR($P61="",$O61=""),"",$O61-$P61) -> 0 | R61: =IF($Q61="","",IF(AND($Q61>=-100,$Q61<=-1),"事件前100个交易日",IF(AND($Q61>=1,$Q61<=5),"事件后5个交易日",IF($Q61=0,"事件当日","其他区间")))) -> 事件当日 | S61: 原始事件日期非交易日，T0顺延至2025-05-26；事件前仅有59个交易日；事件后仅有4个交易日
A62: 300571.SZ | B62: 45804 | C62: 31.44 | D62: 31.8 | E62: 30.64 | F62: 30.76 | G62: 30.5 | H62: 0.26 | I62: 0.8525 | J62: 83419.63 | K62: 258388.45 | L62: ='300571.SZ_元数据'!$B$5 -> 事件库1.csv + 股票日行情CSV | M62: 股票日行情 | N62: ='300571.SZ_元数据'!$B$4 -> 45803 | O62: =ROW()-1 -> 61 | P62: =IFERROR(MATCH($N62,$B$2:$B$65,0),"") -> 60 | Q62: =IF(OR($P62="",$O62=""),"",$O62-$P62) -> 1 | R62: =IF($Q62="","",IF(AND($Q62>=-100,$Q62<=-1),"事件前100个交易日",IF(AND($Q62>=1,$Q62<=5),"事件后5个交易日",IF($Q62=0,"事件当日","其他区间")))) -> 事件后5个交易日
A63: 300571.SZ | B63: 45805 | C63: 30.89 | D63: 31.3 | E63: 29.89 | F63: 31.11 | G63: 30.76 | H63: 0.35 | I63: 1.1378 | J63: 75504 | K63: 232007.28 | L63: ='300571.SZ_元数据'!$B$5 -> 事件库1.csv + 股票日行情CSV | M63: 股票日行情 | N63: ='300571.SZ_元数据'!$B$4 -> 45803 | O63: =ROW()-1 -> 62 | P63: =IFERROR(MATCH($N63,$B$2:$B$65,0),"") -> 60 | Q63: =IF(OR($P63="",$O63=""),"",$O63-$P63) -> 2 | R63: =IF($Q63="","",IF(AND($Q63>=-100,$Q63<=-1),"事件前100个交易日",IF(AND($Q63>=1,$Q63<=5),"事件后5个交易日",IF($Q63=0,"事件当日","其他区间")))) -> 事件后5个交易日
A64: 300571.SZ | B64: 45806 | C64: 30.5 | D64: 31.47 | E64: 30.5 | F64: 31.39 | G64: 31.11 | H64: 0.28 | I64: 0.9 | J64: 71312.85 | K64: 222048.13 | L64: ='300571.SZ_元数据'!$B$5 -> 事件库1.csv + 股票日行情CSV | M64: 股票日行情 | N64: ='300571.SZ_元数据'!$B$4 -> 45803 | O64: =ROW()-1 -> 63 | P64: =IFERROR(MATCH($N64,$B$2:$B$65,0),"") -> 60 | Q64: =IF(OR($P64="",$O64=""),"",$O64-$P64) -> 3 | R64: =IF($Q64="","",IF(AND($Q64>=-100,$Q64<=-1),"事件前100个交易日",IF(AND($Q64>=1,$Q64<=5),"事件后5个交易日",IF($Q64=0,"事件当日","其他区间")))) -> 事件后5个交易日
A65: 300571.SZ | B65: 45807 | C65: 31.07 | D65: 31.27 | E65: 29.91 | F65: 30.05 | G65: 31.39 | H65: -1.34 | I65: -4.2689 | J65: 58120.99 | K65: 176436.06 | L65: ='300571.SZ_元数据'!$B$5 -> 事件库1.csv + 股票日行情CSV | M65: 股票日行情 | N65: ='300571.SZ_元数据'!$B$4 -> 45803 | O65: =ROW()-1 -> 64 | P65: =IFERROR(MATCH($N65,$B$2:$B$65,0),"") -> 60 | Q65: =IF(OR($P65="",$O65=""),"",$O65-$P65) -> 4 | R65: =IF($Q65="","",IF(AND($Q65>=-100,$Q65<=-1),"事件前100个交易日",IF(AND($Q65>=1,$Q65<=5),"事件后5个交易日",IF($Q65=0,"事件当日","其他区间")))) -> 事件后5个交易日

Sheet 300638.SZ_元数据
A1: 字段 | B1: 内容
A2: 股票代码 | B2: 300638.SZ
A3: 事件名称 | B3: 深度报告：5G+AI时代下的连接与边缘计算旗手
A4: 事件日期 | B4: 45063
A5: 数据来源 | B5: 事件库1.csv + 股票日行情CSV
A6: 分类规则 | B6: 前100个交易日 / 后5个交易日
A7: 说明 | B7: 使用事件库匹配事件，并按事件日期定位 T0；若事件日非交易日，则顺延到下一交易日。
A8: 原始事件日期 | B8: 45063
A9: 事件ID | B9: 36
A10: 事件类型 | B10: 技术
A11: 行业 | B11: 边缘计算
A12: 内容链接 | B12: http://data.eastmoney.com/report/zw_stock.jshtml?infocode=AP202305171586714987
A13: 对齐说明 | B13: 已匹配

Sheet 300638.SZ_行情
A1: 代码 | B1: 日期 | C1: 开盘价 | D1: 最高价 | E1: 最低价 | F1: 收盘价 | G1: 昨日收盘价 | H1: 变化量 | I1: 涨跌幅 | J1: 成交量 | K1: 金额 | L1: 数据来源 | M1: 数据分类 | N1: 事件日期 | O1: 交易日序号 | P1: 事件交易日序号 | Q1: 相对交易日 | R1: 窗口标签 | S1: 备注
A2: 300638.SZ | B2: 44974 | C2: 23.22 | D2: 23.49 | E2: 21.86 | F2: 22 | G2: 23.2 | H2: -1.2 | I2: -5.1724 | J2: 149893.17 | K2: 335403.76 | L2: ='300638.SZ_元数据'!$B$5 -> 事件库1.csv + 股票日行情CSV | M2: 股票日行情 | N2: ='300638.SZ_元数据'!$B$4 -> 45063 | O2: =ROW()-1 -> 1 | P2: =IFERROR(MATCH($N2,$B$2:$B$64,0),"") -> 60 | Q2: =IF(OR($P2="",$O2=""),"",$O2-$P2) -> -59 | R2: =IF($Q2="","",IF(AND($Q2>=-100,$Q2<=-1),"事件前100个交易日",IF(AND($Q2>=1,$Q2<=5),"事件后5个交易日",IF($Q2=0,"事件当日","其他区间")))) -> 事件前100个交易日
A3: 300638.SZ | B3: 44977 | C3: 22.14 | D3: 22.88 | E3: 21.63 | F3: 22.65 | G3: 22 | H3: 0.65 | I3: 2.9545 | J3: 94186.03 | K3: 211146.41 | L3: ='300638.SZ_元数据'!$B$5 -> 事件库1.csv + 股票日行情CSV | M3: 股票日行情 | N3: ='300638.SZ_元数据'!$B$4 -> 45063 | O3: =ROW()-1 -> 2 | P3: =IFERROR(MATCH($N3,$B$2:$B$64,0),"") -> 60 | Q3: =IF(OR($P3="",$O3=""),"",$O3-$P3) -> -58 | R3: =IF($Q3="","",IF(AND($Q3>=-100,$Q3<=-1),"事件前100个交易日",IF(AND($Q3>=1,$Q3<=5),"事件后5个交易日",IF($Q3=0,"事件当日","其他区间")))) -> 事件前100个交易日
A4: 300638.SZ | B4: 44978 | C4: 22.9 | D4: 23.27 | E4: 22.46 | F4: 22.71 | G4: 22.65 | H4: 0.06 | I4: 0.2649 | J4: 67562.53 | K4: 154159.63 | L4: ='300638.SZ_元数据'!$B$5 -> 事件库1.csv + 股票日行情CSV | M4: 股票日行情 | N4: ='300638.SZ_元数据'!$B$4 -> 45063 | O4: =ROW()-1 -> 3 | P4: =IFERROR(MATCH($N4,$B$2:$B$64,0),"") -> 60 | Q4: =IF(OR($P4="",$O4=""),"",$O4-$P4) -> -57 | R4: =IF($Q4="","",IF(AND($Q4>=-100,$Q4<=-1),"事件前100个交易日",IF(AND($Q4>=1,$Q4<=5),"事件后5个交易日",IF($Q4=0,"事件当日","其他区间")))) -> 事件前100个交易日
A5: 300638.SZ | B5: 44979 | C5: 22.44 | D5: 22.61 | E5: 22 | F5: 22.24 | G5: 22.71 | H5: -0.47 | I5: -2.0696 | J5: 64654.8 | K5: 143772.24 | L5: ='300638.SZ_元数据'!$B$5 -> 事件库1.csv + 股票日行情CSV | M5: 股票日行情 | N5: ='300638.SZ_元数据'!$B$4 -> 45063 | O5: =ROW()-1 -> 4 | P5: =IFERROR(MATCH($N5,$B$2:$B$64,0),"") -> 60 | Q5: =IF(OR($P5="",$O5=""),"",$O5-$P5) -> -56 | R5: =IF($Q5="","",IF(AND($Q5>=-100,$Q5<=-1),"事件前100个交易日",IF(AND($Q5>=1,$Q5<=5),"事件后5个交易日",IF($Q5=0,"事件当日","其他区间")))) -> 事件前100个交易日
A6: 300638.SZ | B6: 44980 | C6: 22.37 | D6: 22.37 | E6: 21.58 | F6: 21.69 | G6: 22.24 | H6: -0.55 | I6: -2.473 | J6: 62734.37 | K6: 137179.91 | L6: ='300638.SZ_元数据'!$B$5 -> 事件库1.csv + 股票日行情CSV | M6: 股票日行情 | N6: ='300638.SZ_元数据'!$B$4 -> 45063 | O6: =ROW()-1 -> 5 | P6: =IFERROR(MATCH($N6,$B$2:$B$64,0),"") -> 60 | Q6: =IF(OR($P6="",$O6=""),"",$O6-$P6) -> -55 | R6: =IF($Q6="","",IF(AND($Q6>=-100,$Q6<=-1),"事件前100个交易日",IF(AND($Q6>=1,$Q6<=5),"事件后5个交易日",IF($Q6=0,"事件当日","其他区间")))) -> 事件前100个交易日
A7: 300638.SZ | B7: 44981 | C7: 21.8 | D7: 22.18 | E7: 21.6 | F7: 21.69 | G7: 21.69 | H7: 0 | I7: 0 | J7: 45374.59 | K7: 98971.446 | L7: ='300638.SZ_元数据'!$B$5 -> 事件库1.csv + 股票日行情CSV | M7: 股票日行情 | N7: ='300638.SZ_元数据'!$B$4 -> 45063 | O7: =ROW()-1 -> 6 | P7: =IFERROR(MATCH($N7,$B$2:$B$64,0),"") -> 60 | Q7: =IF(OR($P7="",$O7=""),"",$O7-$P7) -> -54 | R7: =IF($Q7="","",IF(AND($Q7>=-100,$Q7<=-1),"事件前100个交易日",IF(AND($Q7>=1,$Q7<=5),"事件后5个交易日",IF($Q7=0,"事件当日","其他区间")))) -> 事件前100个交易日
A8: 300638.SZ | B8: 44984 | C8: 21.51 | D8: 21.62 | E8: 20.95 | F8: 21.05 | G8: 21.69 | H8: -0.64 | I8: -2.9507 | J8: 72683.68 | K8: 153945.96 | L8: ='300638.SZ_元数据'!$B$5 -> 事件库1.csv + 股票日行情CSV | M8: 股票日行情 | N8: ='300638.SZ_元数据'!$B$4 -> 45063 | O8: =ROW()-1 -> 7 | P8: =IFERROR(MATCH($N8,$B$2:$B$64,0),"") -> 60 | Q8: =IF(OR($P8="",$O8=""),"",$O8-$P8) -> -53 | R8: =IF($Q8="","",IF(AND($Q8>=-100,$Q8<=-1),"事件前100个交易日",IF(AND($Q8>=1,$Q8<=5),"事件后5个交易日",IF($Q8=0,"事件当日","其他区间")))) -> 事件前100个交易日
A9: 300638.SZ | B9: 44985 | C9: 21.45 | D9: 21.8 | E9: 21.17 | F9: 21.49 | G9: 21.05 | H9: 0.44 | I9: 2.0903 | J9: 56654.66 | K9: 121628.62 | L9: ='300638.SZ_元数据'!$B$5 -> 事件库1.csv + 股票日行情CSV | M9: 股票日行情 | N9: ='300638.SZ_元数据'!$B$4 -> 45063 | O9: =ROW()-1 -> 8 | P9: =IFERROR(MATCH($N9,$B$2:$B$64,0),"") -> 60 | Q9: =IF(OR($P9="",$O9=""),"",$O9-$P9) -> -52 | R9: =IF($Q9="","",IF(AND($Q9>=-100,$Q9<=-1),"事件前100个交易日",IF(AND($Q9>=1,$Q9<=5),"事件后5个交易日",IF($Q9=0,"事件当日","其他区间")))) -> 事件前100个交易日
A10: 300638.SZ | B10: 44986 | C10: 21.46 | D10: 23.02 | E10: 21.35 | F10: 22.74 | G10: 21.49 | H10: 1.25 | I10: 5.8167 | J10: 129180.5 | K10: 290397.64 | L10: ='300638.SZ_元数据'!$B$5 -> 事件库1.csv + 股票日行情CSV | M10: 股票日行情 | N10: ='300638.SZ_元数据'!$B$4 -> 45063 | O10: =ROW()-1 -> 9 | P10: =IFERROR(MATCH($N10,$B$2:$B$64,0),"") -> 60 | Q10: =IF(OR($P10="",$O10=""),"",$O10-$P10) -> -51 | R10: =IF($Q10="","",IF(AND($Q10>=-100,$Q10<=-1),"事件前100个交易日",IF(AND($Q10>=1,$Q10<=5),"事件后5个交易日",IF($Q10=0,"事件当日","其他区间")))) -> 事件前100个交易日
A11: 300638.SZ | B11: 44987 | C11: 23.23 | D11: 24.16 | E11: 23.04 | F11: 23.3 | G11: 22.74 | H11: 0.56 | I11: 2.4626 | J11: 157023.51 | K11: 368227.28 | L11: ='300638.SZ_元数据'!$B$5 -> 事件库1.csv + 股票日行情CSV | M11: 股票日行情 | N11: ='300638.SZ_元数据'!$B$4 -> 45063 | O11: =ROW()-1 -> 10 | P11: =IFERROR(MATCH($N11,$B$2:$B$64,0),"") -> 60 | Q11: =IF(OR($P11="",$O11=""),"",$O11-$P11) -> -50 | R11: =IF($Q11="","",IF(AND($Q11>=-100,$Q11<=-1),"事件前100个交易日",IF(AND($Q11>=1,$Q11<=5),"事件后5个交易日",IF($Q11=0,"事件当日","其他区间")))) -> 事件前100个交易日
A12: 300638.SZ | B12: 44988 | C12: 23.01 | D12: 23.15 | E12: 22.17 | F12: 22.62 | G12: 23.3 | H12: -0.68 | I12: -2.9185 | J12: 134082.22 | K12: 303874.78 | L12: ='300638.SZ_元数据'!$B$5 -> 事件库1.csv + 股票日行情CSV | M12: 股票日行情 | N12: ='300638.SZ_元数据'!$B$4 -> 45063 | O12: =ROW()-1 -> 11 | P12: =IFERROR(MATCH($N12,$B$2:$B$64,0),"") -> 60 | Q12: =IF(OR($P12="",$O12=""),"",$O12-$P12) -> -49 | R12: =IF($Q12="","",IF(AND($Q12>=-100,$Q12<=-1),"事件前100个交易日",IF(AND($Q12>=1,$Q12<=5),"事件后5个交易日",IF($Q12=0,"事件当日","其他区间")))) -> 事件前100个交易日
A13: 300638.SZ | B13: 44991 | C13: 22.78 | D13: 22.99 | E13: 22.2 | F13: 22.26 | G13: 22.62 | H13: -0.36 | I13: -1.5915 | J13: 82476.52 | K13: 186366.28 | L13: ='300638.SZ_元数据'!$B$5 -> 事件库1.csv + 股票日行情CSV | M13: 股票日行情 | N13: ='300638.SZ_元数据'!$B$4 -> 45063 | O13: =ROW()-1 -> 12 | P13: =IFERROR(MATCH($N13,$B$2:$B$64,0),"") -> 60 | Q13: =IF(OR($P13="",$O13=""),"",$O13-$P13) -> -48 | R13: =IF($Q13="","",IF(AND($Q13>=-100,$Q13<=-1),"事件前100个交易日",IF(AND($Q13>=1,$Q13<=5),"事件后5个交易日",IF($Q13=0,"事件当日","其他区间")))) -> 事件前100个交易日
... A60: 300638.SZ | B60: 45062 | C60: 22.85 | D60: 22.88 | E60: 21.92 | F60: 22.12 | G60: 22.85 | H60: -0.73 | I60: -3.1947 | J60: 87374.54 | K60: 193826.95 | L60: ='300638.SZ_元数据'!$B$5 -> 事件库1.csv + 股票日行情CSV | M60: 股票日行情 | N60: ='300638.SZ_元数据'!$B$4 -> 45063 | O60: =ROW()-1 -> 59 | P60: =IFERROR(MATCH($N60,$B$2:$B$64,0),"") -> 60 | Q60: =IF(OR($P60="",$O60=""),"",$O60-$P60) -> -1 | R60: =IF($Q60="","",IF(AND($Q60>=-100,$Q60<=-1),"事件前100个交易日",IF(AND($Q60>=1,$Q60<=5),"事件后5个交易日",IF($Q60=0,"事件当日","其他区间")))) -> 事件前100个交易日
A61: 300638.SZ | B61: 45063 | C61: 22.1 | D61: 22.38 | E61: 21.92 | F61: 22.27 | G61: 22.12 | H61: 0.15 | I61: 0.6781 | J61: 62100.47 | K61: 137605.2 | L61: ='300638.SZ_元数据'!$B$5 -> 事件库1.csv + 股票日行情CSV | M61: 股票日行情 | N61: ='300638.SZ_元数据'!$B$4 -> 45063 | O61: =ROW()-1 -> 60 | P61: =IFERROR(MATCH($N61,$B$2:$B$64,0),"") -> 60 | Q61: =IF(OR($P61="",$O61=""),"",$O61-$P61) -> 0 | R61: =IF($Q61="","",IF(AND($Q61>=-100,$Q61<=-1),"事件前100个交易日",IF(AND($Q61>=1,$Q61<=5),"事件后5个交易日",IF($Q61=0,"事件当日","其他区间")))) -> 事件当日 | S61: 原始事件日期非交易日，T0顺延至2023-05-17；事件前仅有59个交易日；事件后仅有3个交易日
A62: 300638.SZ | B62: 45064 | C62: 22.51 | D62: 25.08 | E62: 22.51 | F62: 24.47 | G62: 22.27 | H62: 2.2 | I62: 9.8788 | J62: 293601.88 | K62: 709315.94 | L62: ='300638.SZ_元数据'!$B$5 -> 事件库1.csv + 股票日行情CSV | M62: 股票日行情 | N62: ='300638.SZ_元数据'!$B$4 -> 45063 | O62: =ROW()-1 -> 61 | P62: =IFERROR(MATCH($N62,$B$2:$B$64,0),"") -> 60 | Q62: =IF(OR($P62="",$O62=""),"",$O62-$P62) -> 1 | R62: =IF($Q62="","",IF(AND($Q62>=-100,$Q62<=-1),"事件前100个交易日",IF(AND($Q62>=1,$Q62<=5),"事件后5个交易日",IF($Q62=0,"事件当日","其他区间")))) -> 事件后5个交易日
A63: 300638.SZ | B63: 45065 | C63: 24.24 | D63: 26.46 | E63: 24.2 | F63: 26.01 | G63: 24.47 | H63: 1.54 | I63: 6.2934 | J63: 379438.94 | K63: 965817.58 | L63: ='300638.SZ_元数据'!$B$5 -> 事件库1.csv + 股票日行情CSV | M63: 股票日行情 | N63: ='300638.SZ_元数据'!$B$4 -> 45063 | O63: =ROW()-1 -> 62 | P63: =IFERROR(MATCH($N63,$B$2:$B$64,0),"") -> 60 | Q63: =IF(OR($P63="",$O63=""),"",$O63-$P63) -> 2 | R63: =IF($Q63="","",IF(AND($Q63>=-100,$Q63<=-1),"事件前100个交易日",IF(AND($Q63>=1,$Q63<=5),"事件后5个交易日",IF($Q63=0,"事件当日","其他区间")))) -> 事件后5个交易日
A64: 300638.SZ | B64: 45068 | C64: 25.55 | D64: 26.22 | E64: 25.02 | F64: 26.04 | G64: 26.01 | H64: 0.03 | I64: 0.1153 | J64: 235978.63 | K64: 611342.37 | L64: ='300638.SZ_元数据'!$B$5 -> 事件库1.csv + 股票日行情CSV | M64: 股票日行情 | N64: ='300638.SZ_元数据'!$B$4 -> 45063 | O64: =ROW()-1 -> 63 | P64: =IFERROR(MATCH($N64,$B$2:$B$64,0),"") -> 60 | Q64: =IF(OR($P64="",$O64=""),"",$O64-$P64) -> 3 | R64: =IF($Q64="","",IF(AND($Q64>=-100,$Q64<=-1),"事件前100个交易日",IF(AND($Q64>=1,$Q64<=5),"事件后5个交易日",IF($Q64=0,"事件当日","其他区间")))) -> 事件后5个交易日

Sheet 300738.SZ_元数据
A1: 字段 | B1: 内容
A2: 股票代码 | B2: 300738.SZ
A3: 事件名称 | B3: 关于数据中心获得2023年度碳中和认证的公告
A4: 事件日期 | B4: 45532
A5: 数据来源 | B5: 事件库1.csv + 股票日行情CSV
A6: 分类规则 | B6: 前100个交易日 / 后5个交易日
A7: 说明 | B7: 使用事件库匹配事件，并按事件日期定位 T0；若事件日非交易日，则顺延到下一交易日。
A8: 原始事件日期 | B8: 45532
A9: 事件ID | B9: 40
A10: 事件类型 | B10: 公司行为
A11: 行业 | B11: 数据中心
A12: 内容链接 | B12: https://www.cninfo.com.cn/new/disclosure/detail?orgId=gfbj0832745&announcementId=1221004685&announcementTime=2024-08-28
A13: 对齐说明 | B13: 已匹配

Sheet 300738.SZ_行情
A1: 代码 | B1: 日期 | C1: 开盘价 | D1: 最高价 | E1: 最低价 | F1: 收盘价 | G1: 昨日收盘价 | H1: 变化量 | I1: 涨跌幅 | J1: 成交量 | K1: 金额 | L1: 数据来源 | M1: 数据分类 | N1: 事件日期 | O1: 交易日序号 | P1: 事件交易日序号 | Q1: 相对交易日 | R1: 窗口标签 | S1: 备注
A2: 300738.SZ | B2: 45440 | C2: 11.33 | D2: 11.47 | E2: 11.1 | F2: 11.11 | G2: 11.55 | H2: -0.44 | I2: -3.8095 | J2: 444352.72 | K2: 499574.56 | L2: ='300738.SZ_元数据'!$B$5 -> 事件库1.csv + 股票日行情CSV | M2: 股票日行情 | N2: ='300738.SZ_元数据'!$B$4 -> 45532 | O2: =ROW()-1 -> 1 | P2: =IFERROR(MATCH($N2,$B$2:$B$72,0),"") -> 66 | Q2: =IF(OR($P2="",$O2=""),"",$O2-$P2) -> -65 | R2: =IF($Q2="","",IF(AND($Q2>=-100,$Q2<=-1),"事件前100个交易日",IF(AND($Q2>=1,$Q2<=5),"事件后5个交易日",IF($Q2=0,"事件当日","其他区间")))) -> 事件前100个交易日
A3: 300738.SZ | B3: 45441 | C3: 11.09 | D3: 11.43 | E3: 11 | F3: 11.18 | G3: 11.11 | H3: 0.07 | I3: 0.6301 | J3: 366795.14 | K3: 409729.51 | L3: ='300738.SZ_元数据'!$B$5 -> 事件库1.csv + 股票日行情CSV | M3: 股票日行情 | N3: ='300738.SZ_元数据'!$B$4 -> 45532 | O3: =ROW()-1 -> 2 | P3: =IFERROR(MATCH($N3,$B$2:$B$72,0),"") -> 66 | Q3: =IF(OR($P3="",$O3=""),"",$O3-$P3) -> -64 | R3: =IF($Q3="","",IF(AND($Q3>=-100,$Q3<=-1),"事件前100个交易日",IF(AND($Q3>=1,$Q3<=5),"事件后5个交易日",IF($Q3=0,"事件当日","其他区间")))) -> 事件前100个交易日
A4: 300738.SZ | B4: 45442 | C4: 11.02 | D4: 11.06 | E4: 10.75 | F4: 10.81 | G4: 11.18 | H4: -0.37 | I4: -3.3095 | J4: 414145.87 | K4: 449474.26 | L4: ='300738.SZ_元数据'!$B$5 -> 事件库1.csv + 股票日行情CSV | M4: 股票日行情 | N4: ='300738.SZ_元数据'!$B$4 -> 45532 | O4: =ROW()-1 -> 3 | P4: =IFERROR(MATCH($N4,$B$2:$B$72,0),"") -> 66 | Q4: =IF(OR($P4="",$O4=""),"",$O4-$P4) -> -63 | R4: =IF($Q4="","",IF(AND($Q4>=-100,$Q4<=-1),"事件前100个交易日",IF(AND($Q4>=1,$Q4<=5),"事件后5个交易日",IF($Q4=0,"事件当日","其他区间")))) -> 事件前100个交易日
A5: 300738.SZ | B5: 45443 | C5: 10.78 | D5: 11.27 | E5: 10.78 | F5: 11.01 | G5: 10.81 | H5: 0.2 | I5: 1.8501 | J5: 419579.55 | K5: 464175.6 | L5: ='300738.SZ_元数据'!$B$5 -> 事件库1.csv + 股票日行情CSV | M5: 股票日行情 | N5: ='300738.SZ_元数据'!$B$4 -> 45532 | O5: =ROW()-1 -> 4 | P5: =IFERROR(MATCH($N5,$B$2:$B$72,0),"") -> 66 | Q5: =IF(OR($P5="",$O5=""),"",$O5-$P5) -> -62 | R5: =IF($Q5="","",IF(AND($Q5>=-100,$Q5<=-1),"事件前100个交易日",IF(AND($Q5>=1,$Q5<=5),"事件后5个交易日",IF($Q5=0,"事件当日","其他区间")))) -> 事件前100个交易日
A6: 300738.SZ | B6: 45446 | C6: 10.9 | D6: 11.36 | E6: 10.9 | F6: 11.19 | G6: 11.01 | H6: 0.18 | I6: 1.6349 | J6: 463520.24 | K6: 517560.19 | L6: ='300738.SZ_元数据'!$B$5 -> 事件库1.csv + 股票日行情CSV | M6: 股票日行情 | N6: ='300738.SZ_元数据'!$B$4 -> 45532 | O6: =ROW()-1 -> 5 | P6: =IFERROR(MATCH($N6,$B$2:$B$72,0),"") -> 66 | Q6: =IF(OR($P6="",$O6=""),"",$O6-$P6) -> -61 | R6: =IF($Q6="","",IF(AND($Q6>=-100,$Q6<=-1),"事件前100个交易日",IF(AND($Q6>=1,$Q6<=5),"事件后5个交易日",IF($Q6=0,"事件当日","其他区间")))) -> 事件前100个交易日
A7: 300738.SZ | B7: 45447 | C7: 11.1 | D7: 11.19 | E7: 10.83 | F7: 11 | G7: 11.19 | H7: -0.19 | I7: -1.6979 | J7: 366424.52 | K7: 401948.25 | L7: ='300738.SZ_元数据'!$B$5 -> 事件库1.csv + 股票日行情CSV | M7: 股票日行情 | N7: ='300738.SZ_元数据'!$B$4 -> 45532 | O7: =ROW()-1 -> 6 | P7: =IFERROR(MATCH($N7,$B$2:$B$72,0),"") -> 66 | Q7: =IF(OR($P7="",$O7=""),"",$O7-$P7) -> -60 | R7: =IF($Q7="","",IF(AND($Q7>=-100,$Q7<=-1),"事件前100个交易日",IF(AND($Q7>=1,$Q7<=5),"事件后5个交易日",IF($Q7=0,"事件当日","其他区间")))) -> 事件前100个交易日
A8: 300738.SZ | B8: 45448 | C8: 11 | D8: 11 | E8: 10.52 | F8: 10.52 | G8: 11 | H8: -0.48 | I8: -4.3636 | J8: 460242.41 | K8: 491351.48 | L8: ='300738.SZ_元数据'!$B$5 -> 事件库1.csv + 股票日行情CSV | M8: 股票日行情 | N8: ='300738.SZ_元数据'!$B$4 -> 45532 | O8: =ROW()-1 -> 7 | P8: =IFERROR(MATCH($N8,$B$2:$B$72,0),"") -> 66 | Q8: =IF(OR($P8="",$O8=""),"",$O8-$P8) -> -59 | R8: =IF($Q8="","",IF(AND($Q8>=-100,$Q8<=-1),"事件前100个交易日",IF(AND($Q8>=1,$Q8<=5),"事件后5个交易日",IF($Q8=0,"事件当日","其他区间")))) -> 事件前100个交易日
A9: 300738.SZ | B9: 45449 | C9: 10.57 | D9: 10.75 | E9: 10.22 | F9: 10.26 | G9: 10.52 | H9: -0.26 | I9: -2.4715 | J9: 417317.81 | K9: 435069.99 | L9: ='300738.SZ_元数据'!$B$5 -> 事件库1.csv + 股票日行情CSV | M9: 股票日行情 | N9: ='300738.SZ_元数据'!$B$4 -> 45532 | O9: =ROW()-1 -> 8 | P9: =IFERROR(MATCH($N9,$B$2:$B$72,0),"") -> 66 | Q9: =IF(OR($P9="",$O9=""),"",$O9-$P9) -> -58 | R9: =IF($Q9="","",IF(AND($Q9>=-100,$Q9<=-1),"事件前100个交易日",IF(AND($Q9>=1,$Q9<=5),"事件后5个交易日",IF($Q9=0,"事件当日","其他区间")))) -> 事件前100个交易日
A10: 300738.SZ | B10: 45450 | C10: 10.42 | D10: 10.48 | E10: 10.12 | F10: 10.35 | G10: 10.26 | H10: 0.09 | I10: 0.8772 | J10: 293531.25 | K10: 301892.77 | L10: ='300738.SZ_元数据'!$B$5 -> 事件库1.csv + 股票日行情CSV | M10: 股票日行情 | N10: ='300738.SZ_元数据'!$B$4 -> 45532 | O10: =ROW()-1 -> 9 | P10: =IFERROR(MATCH($N10,$B$2:$B$72,0),"") -> 66 | Q10: =IF(OR($P10="",$O10=""),"",$O10-$P10) -> -57 | R10: =IF($Q10="","",IF(AND($Q10>=-100,$Q10<=-1),"事件前100个交易日",IF(AND($Q10>=1,$Q10<=5),"事件后5个交易日",IF($Q10=0,"事件当日","其他区间")))) -> 事件前100个交易日
A11: 300738.SZ | B11: 45454 | C11: 10.25 | D11: 10.54 | E11: 10.15 | F11: 10.48 | G11: 10.35 | H11: 0.13 | I11: 1.256 | J11: 279840.11 | K11: 290299.74 | L11: ='300738.SZ_元数据'!$B$5 -> 事件库1.csv + 股票日行情CSV | M11: 股票日行情 | N11: ='300738.SZ_元数据'!$B$4 -> 45532 | O11: =ROW()-1 -> 10 | P11: =IFERROR(MATCH($N11,$B$2:$B$72,0),"") -> 66 | Q11: =IF(OR($P11="",$O11=""),"",$O11-$P11) -> -56 | R11: =IF($Q11="","",IF(AND($Q11>=-100,$Q11<=-1),"事件前100个交易日",IF(AND($Q11>=1,$Q11<=5),"事件后5个交易日",IF($Q11=0,"事件当日","其他区间")))) -> 事件前100个交易日
A12: 300738.SZ | B12: 45455 | C12: 10.4 | D12: 10.89 | E12: 10.4 | F12: 10.8 | G12: 10.48 | H12: 0.32 | I12: 3.0534 | J12: 440358.06 | K12: 472037.6 | L12: ='300738.SZ_元数据'!$B$5 -> 事件库1.csv + 股票日行情CSV | M12: 股票日行情 | N12: ='300738.SZ_元数据'!$B$4 -> 45532 | O12: =ROW()-1 -> 11 | P12: =IFERROR(MATCH($N12,$B$2:$B$72,0),"") -> 66 | Q12: =IF(OR($P12="",$O12=""),"",$O12-$P12) -> -55 | R12: =IF($Q12="","",IF(AND($Q12>=-100,$Q12<=-1),"事件前100个交易日",IF(AND($Q12>=1,$Q12<=5),"事件后5个交易日",IF($Q12=0,"事件当日","其他区间")))) -> 事件前100个交易日
A13: 300738.SZ | B13: 45456 | C13: 10.92 | D13: 10.94 | E13: 10.6 | F13: 10.61 | G13: 10.8 | H13: -0.19 | I13: -1.7593 | J13: 391177.77 | K13: 420553.64 | L13: ='300738.SZ_元数据'!$B$5 -> 事件库1.csv + 股票日行情CSV | M13: 股票日行情 | N13: ='300738.SZ_元数据'!$B$4 -> 45532 | O13: =ROW()-1 -> 12 | P13: =IFERROR(MATCH($N13,$B$2:$B$72,0),"") -> 66 | Q13: =IF(OR($P13="",$O13=""),"",$O13-$P13) -> -54 | R13: =IF($Q13="","",IF(AND($Q13>=-100,$Q13<=-1),"事件前100个交易日",IF(AND($Q13>=1,$Q13<=5),"事件后5个交易日",IF($Q13=0,"事件当日","其他区间")))) -> 事件前100个交易日
... A66: 300738.SZ | B66: 45531 | C66: 8.75 | D66: 8.78 | E66: 8.49 | F66: 8.55 | G66: 8.79 | H66: -0.24 | I66: -2.7304 | J66: 158944.71 | K66: 136536.75 | L66: ='300738.SZ_元数据'!$B$5 -> 事件库1.csv + 股票日行情CSV | M66: 股票日行情 | N66: ='300738.SZ_元数据'!$B$4 -> 45532 | O66: =ROW()-1 -> 65 | P66: =IFERROR(MATCH($N66,$B$2:$B$72,0),"") -> 66 | Q66: =IF(OR($P66="",$O66=""),"",$O66-$P66) -> -1 | R66: =IF($Q66="","",IF(AND($Q66>=-100,$Q66<=-1),"事件前100个交易日",IF(AND($Q66>=1,$Q66<=5),"事件后5个交易日",IF($Q66=0,"事件当日","其他区间")))) -> 事件前100个交易日
A67: 300738.SZ | B67: 45532 | C67: 8.54 | D67: 8.85 | E67: 8.53 | F67: 8.71 | G67: 8.55 | H67: 0.16 | I67: 1.8713 | J67: 181548.75 | K67: 158104.9 | L67: ='300738.SZ_元数据'!$B$5 -> 事件库1.csv + 股票日行情CSV | M67: 股票日行情 | N67: ='300738.SZ_元数据'!$B$4 -> 45532 | O67: =ROW()-1 -> 66 | P67: =IFERROR(MATCH($N67,$B$2:$B$72,0),"") -> 66 | Q67: =IF(OR($P67="",$O67=""),"",$O67-$P67) -> 0 | R67: =IF($Q67="","",IF(AND($Q67>=-100,$Q67<=-1),"事件前100个交易日",IF(AND($Q67>=1,$Q67<=5),"事件后5个交易日",IF($Q67=0,"事件当日","其他区间")))) -> 事件当日 | S67: 原始事件日期非交易日，T0顺延至2024-08-28；事件前仅有65个交易日
A68: 300738.SZ | B68: 45533 | C68: 8.64 | D68: 8.98 | E68: 8.58 | F68: 8.95 | G68: 8.71 | H68: 0.24 | I68: 2.7555 | J68: 175658.56 | K68: 155142.12 | L68: ='300738.SZ_元数据'!$B$5 -> 事件库1.csv + 股票日行情CSV | M68: 股票日行情 | N68: ='300738.SZ_元数据'!$B$4 -> 45532 | O68: =ROW()-1 -> 67 | P68: =IFERROR(MATCH($N68,$B$2:$B$72,0),"") -> 66 | Q68: =IF(OR($P68="",$O68=""),"",$O68-$P68) -> 1 | R68: =IF($Q68="","",IF(AND($Q68>=-100,$Q68<=-1),"事件前100个交易日",IF(AND($Q68>=1,$Q68<=5),"事件后5个交易日",IF($Q68=0,"事件当日","其他区间")))) -> 事件后5个交易日
A69: 300738.SZ | B69: 45534 | C69: 8.94 | D69: 9.34 | E69: 8.9 | F69: 9.18 | G69: 8.95 | H69: 0.23 | I69: 2.5698 | J69: 241142.44 | K69: 221653.06 | L69: ='300738.SZ_元数据'!$B$5 -> 事件库1.csv + 股票日行情CSV | M69: 股票日行情 | N69: ='300738.SZ_元数据'!$B$4 -> 45532 | O69: =ROW()-1 -> 68 | P69: =IFERROR(MATCH($N69,$B$2:$B$72,0),"") -> 66 | Q69: =IF(OR($P69="",$O69=""),"",$O69-$P69) -> 2 | R69: =IF($Q69="","",IF(AND($Q69>=-100,$Q69<=-1),"事件前100个交易日",IF(AND($Q69>=1,$Q69<=5),"事件后5个交易日",IF($Q69=0,"事件当日","其他区间")))) -> 事件后5个交易日
A70: 300738.SZ | B70: 45537 | C70: 9.13 | D70: 9.25 | E70: 8.88 | F70: 8.89 | G70: 9.18 | H70: -0.29 | I70: -3.159 | J70: 155525.94 | K70: 140560.22 | L70: ='300738.SZ_元数据'!$B$5 -> 事件库1.csv + 股票日行情CSV | M70: 股票日行情 | N70: ='300738.SZ_元数据'!$B$4 -> 45532 | O70: =ROW()-1 -> 69 | P70: =IFERROR(MATCH($N70,$B$2:$B$72,0),"") -> 66 | Q70: =IF(OR($P70="",$O70=""),"",$O70-$P70) -> 3 | R70: =IF($Q70="","",IF(AND($Q70>=-100,$Q70<=-1),"事件前100个交易日",IF(AND($Q70>=1,$Q70<=5),"事件后5个交易日",IF($Q70=0,"事件当日","其他区间")))) -> 事件后5个交易日
A71: 300738.SZ | B71: 45538 | C71: 8.9 | D71: 9 | E71: 8.82 | F71: 8.96 | G71: 8.89 | H71: 0.07 | I71: 0.7874 | J71: 128719.6 | K71: 114855.8 | L71: ='300738.SZ_元数据'!$B$5 -> 事件库1.csv + 股票日行情CSV | M71: 股票日行情 | N71: ='300738.SZ_元数据'!$B$4 -> 45532 | O71: =ROW()-1 -> 70 | P71: =IFERROR(MATCH($N71,$B$2:$B$72,0),"") -> 66 | Q71: =IF(OR($P71="",$O71=""),"",$O71-$P71) -> 4 | R71: =IF($Q71="","",IF(AND($Q71>=-100,$Q71<=-1),"事件前100个交易日",IF(AND($Q71>=1,$Q71<=5),"事件后5个交易日",IF($Q71=0,"事件当日","其他区间")))) -> 事件后5个交易日
A72: 300738.SZ | B72: 45539 | C72: 8.8 | D72: 9.16 | E72: 8.76 | F72: 8.93 | G72: 8.96 | H72: -0.03 | I72: -0.3348 | J72: 142588.05 | K72: 127643.52 | L72: ='300738.SZ_元数据'!$B$5 -> 事件库1.csv + 股票日行情CSV | M72: 股票日行情 | N72: ='300738.SZ_元数据'!$B$4 -> 45532 | O72: =ROW()-1 -> 71 | P72: =IFERROR(MATCH($N72,$B$2:$B$72,0),"") -> 66 | Q72: =IF(OR($P72="",$O72=""),"",$O72-$P72) -> 5 | R72: =IF($Q72="","",IF(AND($Q72>=-100,$Q72<=-1),"事件前100个交易日",IF(AND($Q72>=1,$Q72<=5),"事件后5个交易日",IF($Q72=0,"事件当日","其他区间")))) -> 事件后5个交易日

Sheet 600821.SH_元数据
A1: 字段 | B1: 内容
A2: 股票代码 | B2: 600821.SH
A3: 事件名称 | B3: 金开新能： 关于全资子公司人工智能算力技术服务合同的进展公告
A4: 事件日期 | B4: 45873
A5: 数据来源 | B5: 用户提供行情CSV + 事件库1.csv
A6: 分类规则 | B6: 前100个交易日 / 事件当日 / 后5个交易日
A7: 说明 | B7: 使用事件库匹配事件，并按事件日期定位T0；若事件日非交易日，则顺延到下一交易日。
A8: 原始事件日期 | B8: 45873
A9: 事件ID | B9: 4
A10: 事件类型 | B10: 公司行为
A11: 行业 | B11: 算力
A12: 事件来源 | B12: 巨潮资讯
A13: 内容链接 | B13: https://www.cninfo.com.cn/new/disclosure/detail?orgId=gssh0600821&announcementId=1224377816&announcementTime=2025-08-04
A14: 状态说明 | B14: 已匹配

Sheet 600821.SH_行情
A1: ts_code | B1: trade_date | C1: open | D1: high | E1: low | F1: close | G1: pre_close | H1: change | I1: pct_chg | J1: vol | K1: amount | L1: 数据来源 | M1: 数据分类 | N1: 事件日期 | O1: 交易日序号 | P1: 事件交易日序号 | Q1: 相对交易日 | R1: 窗口标签 | S1: 备注
A2: 600821.SH | B2: 45783 | C2: 5.5 | D2: 5.56 | E2: 5.48 | F2: 5.56 | G2: 5.5 | H2: 0.06 | I2: 1.0909 | J2: 264264.69 | K2: 146122.96 | L2: 用户提供行情CSV | M2: 股票日行情 | N2: 45873 | O2: 1 | P2: 64 | Q2: -63 | R2: 事件前100个交易日
A3: 600821.SH | B3: 45784 | C3: 5.61 | D3: 5.65 | E3: 5.51 | F3: 5.54 | G3: 5.56 | H3: -0.02 | I3: -0.3597 | J3: 229799 | K3: 128094.99 | L3: 用户提供行情CSV | M3: 股票日行情 | N3: 45873 | O3: 2 | P3: 64 | Q3: -62 | R3: 事件前100个交易日
A4: 600821.SH | B4: 45785 | C4: 5.53 | D4: 5.59 | E4: 5.51 | F4: 5.57 | G4: 5.54 | H4: 0.03 | I4: 0.5415 | J4: 173977.02 | K4: 96817.228 | L4: 用户提供行情CSV | M4: 股票日行情 | N4: 45873 | O4: 3 | P4: 64 | Q4: -61 | R4: 事件前100个交易日
A5: 600821.SH | B5: 45786 | C5: 5.59 | D5: 5.59 | E5: 5.51 | F5: 5.53 | G5: 5.57 | H5: -0.04 | I5: -0.7181 | J5: 180918.67 | K5: 100160.42 | L5: 用户提供行情CSV | M5: 股票日行情 | N5: 45873 | O5: 4 | P5: 64 | Q5: -60 | R5: 事件前100个交易日
A6: 600821.SH | B6: 45789 | C6: 5.54 | D6: 5.57 | E6: 5.49 | F6: 5.52 | G6: 5.53 | H6: -0.01 | I6: -0.1808 | J6: 212802.84 | K6: 117372.72 | L6: 用户提供行情CSV | M6: 股票日行情 | N6: 45873 | O6: 5 | P6: 64 | Q6: -59 | R6: 事件前100个交易日
A7: 600821.SH | B7: 45790 | C7: 5.55 | D7: 5.58 | E7: 5.5 | F7: 5.58 | G7: 5.52 | H7: 0.06 | I7: 1.087 | J7: 232428 | K7: 128866.69 | L7: 用户提供行情CSV | M7: 股票日行情 | N7: 45873 | O7: 6 | P7: 64 | Q7: -58 | R7: 事件前100个交易日
A8: 600821.SH | B8: 45791 | C8: 5.56 | D8: 5.68 | E8: 5.54 | F8: 5.62 | G8: 5.58 | H8: 0.04 | I8: 0.7168 | J8: 362060.04 | K8: 203509.28 | L8: 用户提供行情CSV | M8: 股票日行情 | N8: 45873 | O8: 7 | P8: 64 | Q8: -57 | R8: 事件前100个交易日
A9: 600821.SH | B9: 45792 | C9: 5.61 | D9: 5.68 | E9: 5.55 | F9: 5.55 | G9: 5.62 | H9: -0.07 | I9: -1.2456 | J9: 203816.89 | K9: 114228.5 | L9: 用户提供行情CSV | M9: 股票日行情 | N9: 45873 | O9: 8 | P9: 64 | Q9: -56 | R9: 事件前100个交易日
A10: 600821.SH | B10: 45793 | C10: 5.55 | D10: 5.57 | E10: 5.5 | F10: 5.51 | G10: 5.55 | H10: -0.04 | I10: -0.7207 | J10: 157529.86 | K10: 87012.817 | L10: 用户提供行情CSV | M10: 股票日行情 | N10: 45873 | O10: 9 | P10: 64 | Q10: -55 | R10: 事件前100个交易日
A11: 600821.SH | B11: 45796 | C11: 5.52 | D11: 5.54 | E11: 5.5 | F11: 5.53 | G11: 5.51 | H11: 0.02 | I11: 0.363 | J11: 118389.57 | K11: 65338.835 | L11: 用户提供行情CSV | M11: 股票日行情 | N11: 45873 | O11: 10 | P11: 64 | Q11: -54 | R11: 事件前100个交易日
A12: 600821.SH | B12: 45797 | C12: 5.54 | D12: 5.6 | E12: 5.52 | F12: 5.6 | G12: 5.53 | H12: 0.07 | I12: 1.2658 | J12: 168270.2 | K12: 93637.198 | L12: 用户提供行情CSV | M12: 股票日行情 | N12: 45873 | O12: 11 | P12: 64 | Q12: -53 | R12: 事件前100个交易日
A13: 600821.SH | B13: 45798 | C13: 5.58 | D13: 5.63 | E13: 5.55 | F13: 5.56 | G13: 5.6 | H13: -0.04 | I13: -0.7143 | J13: 151603.96 | K13: 84724.278 | L13: 用户提供行情CSV | M13: 股票日行情 | N13: 45873 | O13: 12 | P13: 64 | Q13: -52 | R13: 事件前100个交易日
... A64: 600821.SH | B64: 45870 | C64: 5.53 | D64: 5.55 | E64: 5.5 | F64: 5.54 | G64: 5.51 | H64: 0.03 | I64: 0.5445 | J64: 141770 | K64: 78402.759 | L64: 用户提供行情CSV | M64: 股票日行情 | N64: 45873 | O64: 63 | P64: 64 | Q64: -1 | R64: 事件前100个交易日
A65: 600821.SH | B65: 45873 | C65: 5.56 | D65: 5.61 | E65: 5.55 | F65: 5.58 | G65: 5.54 | H65: 0.04 | I65: 0.722 | J65: 181790.06 | K65: 101302.9 | L65: 用户提供行情CSV | M65: 股票日行情 | N65: 45873 | O65: 64 | P65: 64 | Q65: 0 | R65: 事件当日 | S65: 前100日不完整，仅63个交易日；后5日不完整，仅4个交易日
A66: 600821.SH | B66: 45874 | C66: 5.57 | D66: 5.59 | E66: 5.55 | F66: 5.58 | G66: 5.58 | H66: 0 | I66: 0 | J66: 145157 | K66: 80855.36 | L66: 用户提供行情CSV | M66: 股票日行情 | N66: 45873 | O66: 65 | P66: 64 | Q66: 1 | R66: 事件后5个交易日
A67: 600821.SH | B67: 45875 | C67: 5.58 | D67: 5.59 | E67: 5.54 | F67: 5.58 | G67: 5.58 | H67: 0 | I67: 0 | J67: 162472 | K67: 90385.524 | L67: 用户提供行情CSV | M67: 股票日行情 | N67: 45873 | O67: 66 | P67: 64 | Q67: 2 | R67: 事件后5个交易日
A68: 600821.SH | B68: 45876 | C68: 5.59 | D68: 5.59 | E68: 5.55 | F68: 5.56 | G68: 5.58 | H68: -0.02 | I68: -0.3584 | J68: 129286.96 | K68: 71953.563 | L68: 用户提供行情CSV | M68: 股票日行情 | N68: 45873 | O68: 67 | P68: 64 | Q68: 3 | R68: 事件后5个交易日
A69: 600821.SH | B69: 45877 | C69: 5.58 | D69: 5.63 | E69: 5.54 | F69: 5.6 | G69: 5.56 | H69: 0.04 | I69: 0.7194 | J69: 215695.34 | K69: 120653.37 | L69: 用户提供行情CSV | M69: 股票日行情 | N69: 45873 | O69: 68 | P69: 64 | Q69: 4 | R69: 事件后5个交易日

Sheet 600941.SH_元数据
A1: 字段 | B1: 内容
A2: 股票代码 | B2: 600941.SH
A3: 事件名称 | B3: AI业务接力成长，加速智算建设
A4: 事件日期 | B4: 45770
A5: 数据来源 | B5: 用户提供行情CSV + 事件库1.csv
A6: 分类规则 | B6: 前100个交易日 / 事件当日 / 后5个交易日
A7: 说明 | B7: 使用事件库匹配事件，并按事件日期定位T0；若事件日非交易日，则顺延到下一交易日。
A8: 原始事件日期 | B8: 45770
A9: 事件ID | B9: 14
A10: 事件类型 | B10: 技术
A11: 行业 | B11: 算力
A12: 事件来源 | B12: 东方财富
A13: 内容链接 | B13: http://data.eastmoney.com/report/zw_stock.jshtml?infocode=AP202504231660891262
A14: 状态说明 | B14: 已匹配

Sheet 600941.SH_行情
A1: ts_code | B1: trade_date | C1: open | D1: high | E1: low | F1: close | G1: pre_close | H1: change | I1: pct_chg | J1: vol | K1: amount | L1: 数据来源 | M1: 数据分类 | N1: 事件日期 | O1: 交易日序号 | P1: 事件交易日序号 | Q1: 相对交易日 | R1: 窗口标签 | S1: 备注
A2: 600941.SH | B2: 45680 | C2: 108.8 | D2: 111.36 | E2: 108.69 | F2: 109.55 | G2: 108.32 | H2: 1.23 | I2: 1.1355 | J2: 139355.46 | K2: 1531137.2 | L2: 用户提供行情CSV | M2: 股票日行情 | N2: 45770 | O2: 1 | P2: 58 | Q2: -57 | R2: 事件前100个交易日
A3: 600941.SH | B3: 45681 | C3: 109.31 | D3: 110.2 | E3: 108.75 | F3: 109.02 | G3: 109.55 | H3: -0.53 | I3: -0.4838 | J3: 98781.25 | K3: 1079500.9 | L3: 用户提供行情CSV | M3: 股票日行情 | N3: 45770 | O3: 2 | P3: 58 | Q3: -56 | R3: 事件前100个交易日
A4: 600941.SH | B4: 45684 | C4: 109.05 | D4: 111.2 | E4: 108.7 | F4: 110.97 | G4: 109.02 | H4: 1.95 | I4: 1.7887 | J4: 140111.37 | K4: 1543347.2 | L4: 用户提供行情CSV | M4: 股票日行情 | N4: 45770 | O4: 3 | P4: 58 | Q4: -55 | R4: 事件前100个交易日
A5: 600941.SH | B5: 45693 | C5: 110.39 | D5: 110.6 | E5: 107.91 | F5: 108.3 | G5: 110.97 | H5: -2.67 | I5: -2.4061 | J5: 135660.88 | K5: 1470774.1 | L5: 用户提供行情CSV | M5: 股票日行情 | N5: 45770 | O5: 4 | P5: 58 | Q5: -54 | R5: 事件前100个交易日
A6: 600941.SH | B6: 45694 | C6: 108.19 | D6: 108.6 | E6: 107.76 | F6: 108.34 | G6: 108.3 | H6: 0.04 | I6: 0.0369 | J6: 101463.52 | K6: 1096344.3 | L6: 用户提供行情CSV | M6: 股票日行情 | N6: 45770 | O6: 5 | P6: 58 | Q6: -53 | R6: 事件前100个交易日
A7: 600941.SH | B7: 45695 | C7: 108.01 | D7: 108.68 | E7: 107.01 | F7: 108.14 | G7: 108.34 | H7: -0.2 | I7: -0.1846 | J7: 189448.52 | K7: 2038503.3 | L7: 用户提供行情CSV | M7: 股票日行情 | N7: 45770 | O7: 6 | P7: 58 | Q7: -52 | R7: 事件前100个交易日
A8: 600941.SH | B8: 45698 | C8: 108.91 | D8: 113.7 | E8: 108.69 | F8: 110 | G8: 108.14 | H8: 1.86 | I8: 1.72 | J8: 345047.17 | K8: 3817918.4 | L8: 用户提供行情CSV | M8: 股票日行情 | N8: 45770 | O8: 7 | P8: 58 | Q8: -51 | R8: 事件前100个交易日
A9: 600941.SH | B9: 45699 | C9: 109.77 | D9: 111.67 | E9: 109 | F9: 109.79 | G9: 110 | H9: -0.21 | I9: -0.1909 | J9: 178388.33 | K9: 1968890.6 | L9: 用户提供行情CSV | M9: 股票日行情 | N9: 45770 | O9: 8 | P9: 58 | Q9: -50 | R9: 事件前100个交易日
A10: 600941.SH | B10: 45700 | C10: 109.54 | D10: 111.2 | E10: 109.25 | F10: 110.72 | G10: 109.79 | H10: 0.93 | I10: 0.8471 | J10: 153941.18 | K10: 1703082 | L10: 用户提供行情CSV | M10: 股票日行情 | N10: 45770 | O10: 9 | P10: 58 | Q10: -49 | R10: 事件前100个交易日
A11: 600941.SH | B11: 45701 | C11: 110.72 | D11: 112.05 | E11: 110.13 | F11: 110.61 | G11: 110.72 | H11: -0.11 | I11: -0.0993 | J11: 161946.51 | K11: 1800781.5 | L11: 用户提供行情CSV | M11: 股票日行情 | N11: 45770 | O11: 10 | P11: 58 | Q11: -48 | R11: 事件前100个交易日
A12: 600941.SH | B12: 45702 | C12: 110.49 | D12: 112.94 | E12: 109.71 | F12: 112.65 | G12: 110.61 | H12: 2.04 | I12: 1.8443 | J12: 227477.72 | K12: 2539385.4 | L12: 用户提供行情CSV | M12: 股票日行情 | N12: 45770 | O12: 11 | P12: 58 | Q12: -47 | R12: 事件前100个交易日
A13: 600941.SH | B13: 45705 | C13: 113.27 | D13: 115.13 | E13: 112.11 | F13: 113.21 | G13: 112.65 | H13: 0.56 | I13: 0.4971 | J13: 259808.5 | K13: 2949108.3 | L13: 用户提供行情CSV | M13: 股票日行情 | N13: 45770 | O13: 12 | P13: 58 | Q13: -46 | R13: 事件前100个交易日
... A58: 600941.SH | B58: 45769 | C58: 112.8 | D58: 113.67 | E58: 112.66 | F58: 112.91 | G58: 112.9 | H58: 0.01 | I58: 0.0089 | J58: 75555.42 | K58: 854084.54 | L58: 用户提供行情CSV | M58: 股票日行情 | N58: 45770 | O58: 57 | P58: 58 | Q58: -1 | R58: 事件前100个交易日
A59: 600941.SH | B59: 45770 | C59: 112.51 | D59: 112.8 | E59: 110.65 | F59: 110.84 | G59: 112.91 | H59: -2.07 | I59: -1.8333 | J59: 126176.29 | K59: 1403110.8 | L59: 用户提供行情CSV | M59: 股票日行情 | N59: 45770 | O59: 58 | P59: 58 | Q59: 0 | R59: 事件当日 | S59: 前100日不完整，仅57个交易日；后5日不完整，仅3个交易日
A60: 600941.SH | B60: 45771 | C60: 110.5 | D60: 111.04 | E60: 110.01 | F60: 110.46 | G60: 110.84 | H60: -0.38 | I60: -0.3428 | J60: 73109.17 | K60: 807584.73 | L60: 用户提供行情CSV | M60: 股票日行情 | N60: 45770 | O60: 59 | P60: 58 | Q60: 1 | R60: 事件后5个交易日
A61: 600941.SH | B61: 45772 | C61: 110.47 | D61: 110.99 | E61: 110.07 | F61: 110.95 | G61: 110.46 | H61: 0.49 | I61: 0.4436 | J61: 61342.59 | K61: 678460.41 | L61: 用户提供行情CSV | M61: 股票日行情 | N61: 45770 | O61: 60 | P61: 58 | Q61: 2 | R61: 事件后5个交易日
A62: 600941.SH | B62: 45775 | C62: 110.87 | D62: 113.35 | E62: 110.52 | F62: 112.26 | G62: 110.95 | H62: 1.31 | I62: 1.1807 | J62: 114622.55 | K62: 1288430.6 | L62: 用户提供行情CSV | M62: 股票日行情 | N62: 45770 | O62: 61 | P62: 58 | Q62: 3 | R62: 事件后5个交易日

Sheet 603019.SH_元数据
A1: 字段 | B1: 内容
A2: 股票代码 | B2: 603019.SH
A3: 事件名称 | B3: 2024半年报点评：业绩稳健增长，算力建设稳步推进
A4: 事件日期 | B4: 45527
A5: 数据来源 | B5: 用户提供行情CSV + 事件库1.csv
A6: 分类规则 | B6: 前100个交易日 / 事件当日 / 后5个交易日
A7: 说明 | B7: 使用事件库匹配事件，并按事件日期定位T0；若事件日非交易日，则顺延到下一交易日。
A8: 原始事件日期 | B8: 45527
A9: 事件ID | B9: 12
A10: 事件类型 | B10: 技术
A11: 行业 | B11: 算力
A12: 事件来源 | B12: 东方财富
A13: 内容链接 | B13: http://data.eastmoney.com/report/zw_stock.jshtml?infocode=AP202408231639427902
A14: 状态说明 | B14: 已匹配

Sheet 603019.SH_行情
A1: ts_code | B1: trade_date | C1: open | D1: high | E1: low | F1: close | G1: pre_close | H1: change | I1: pct_chg | J1: vol | K1: amount | L1: 数据来源 | M1: 数据分类 | N1: 事件日期 | O1: 交易日序号 | P1: 事件交易日序号 | Q1: 相对交易日 | R1: 窗口标签 | S1: 备注
A2: 603019.SH | B2: 45435 | C2: 44.23 | D2: 44.3 | E2: 42.45 | F2: 42.65 | G2: 43.89 | H2: -1.24 | I2: -2.8252 | J2: 418899.86 | K2: 1803931 | L2: 用户提供行情CSV | M2: 股票日行情 | N2: 45527 | O2: 1 | P2: 66 | Q2: -65 | R2: 事件前100个交易日
A3: 603019.SH | B3: 45436 | C3: 42.65 | D3: 43.12 | E3: 41.35 | F3: 41.35 | G3: 42.65 | H3: -1.3 | I3: -3.0481 | J3: 415191.77 | K3: 1753840.8 | L3: 用户提供行情CSV | M3: 股票日行情 | N3: 45527 | O3: 2 | P3: 66 | Q3: -64 | R3: 事件前100个交易日
A4: 603019.SH | B4: 45439 | C4: 41.39 | D4: 42.17 | E4: 40.71 | F4: 42.17 | G4: 41.35 | H4: 0.82 | I4: 1.9831 | J4: 390833.99 | K4: 1618756 | L4: 用户提供行情CSV | M4: 股票日行情 | N4: 45527 | O4: 3 | P4: 66 | Q4: -63 | R4: 事件前100个交易日
A5: 603019.SH | B5: 45440 | C5: 41.97 | D5: 42.29 | E5: 41.09 | F5: 41.15 | G5: 42.17 | H5: -1.02 | I5: -2.4188 | J5: 284395.4 | K5: 1182942.4 | L5: 用户提供行情CSV | M5: 股票日行情 | N5: 45527 | O5: 4 | P5: 66 | Q5: -62 | R5: 事件前100个交易日
A6: 603019.SH | B6: 45441 | C6: 41.4 | D6: 41.56 | E6: 40.13 | F6: 40.58 | G6: 41.15 | H6: -0.57 | I6: -1.3852 | J6: 345945.6 | K6: 1409572.6 | L6: 用户提供行情CSV | M6: 股票日行情 | N6: 45527 | O6: 5 | P6: 66 | Q6: -61 | R6: 事件前100个交易日
A7: 603019.SH | B7: 45442 | C7: 40.25 | D7: 40.76 | E7: 39.79 | F7: 40.4 | G7: 40.58 | H7: -0.18 | I7: -0.4436 | J7: 249240.04 | K7: 1002547.3 | L7: 用户提供行情CSV | M7: 股票日行情 | N7: 45527 | O7: 6 | P7: 66 | Q7: -60 | R7: 事件前100个交易日
A8: 603019.SH | B8: 45443 | C8: 40.47 | D8: 41.68 | E8: 40.31 | F8: 40.87 | G8: 40.4 | H8: 0.47 | I8: 1.1634 | J8: 309810.58 | K8: 1271946.7 | L8: 用户提供行情CSV | M8: 股票日行情 | N8: 45527 | O8: 7 | P8: 66 | Q8: -59 | R8: 事件前100个交易日
A9: 603019.SH | B9: 45446 | C9: 40.88 | D9: 41.29 | E9: 40.35 | F9: 40.78 | G9: 40.87 | H9: -0.09 | I9: -0.2202 | J9: 290385.65 | K9: 1186885.8 | L9: 用户提供行情CSV | M9: 股票日行情 | N9: 45527 | O9: 8 | P9: 66 | Q9: -58 | R9: 事件前100个交易日
A10: 603019.SH | B10: 45447 | C10: 40.8 | D10: 40.99 | E10: 40 | F10: 40.56 | G10: 40.78 | H10: -0.22 | I10: -0.5395 | J10: 267803.1 | K10: 1082572.6 | L10: 用户提供行情CSV | M10: 股票日行情 | N10: 45527 | O10: 9 | P10: 66 | Q10: -57 | R10: 事件前100个交易日
A11: 603019.SH | B11: 45448 | C11: 40.6 | D11: 40.89 | E11: 39.87 | F11: 39.93 | G11: 40.56 | H11: -0.63 | I11: -1.5533 | J11: 232704.89 | K11: 940697.88 | L11: 用户提供行情CSV | M11: 股票日行情 | N11: 45527 | O11: 10 | P11: 66 | Q11: -56 | R11: 事件前100个交易日
A12: 603019.SH | B12: 45449 | C12: 40.1 | D12: 41.28 | E12: 39.77 | F12: 40.02 | G12: 39.76 | H12: 0.26 | I12: 0.6539 | J12: 468422.46 | K12: 1894320.6 | L12: 用户提供行情CSV | M12: 股票日行情 | N12: 45527 | O12: 11 | P12: 66 | Q12: -55 | R12: 事件前100个交易日
A13: 603019.SH | B13: 45450 | C13: 40.06 | D13: 40.12 | E13: 38.48 | F13: 38.85 | G13: 40.02 | H13: -1.17 | I13: -2.9235 | J13: 451072.31 | K13: 1760303.2 | L13: 用户提供行情CSV | M13: 股票日行情 | N13: 45527 | O13: 12 | P13: 66 | Q13: -54 | R13: 事件前100个交易日
... A66: 603019.SH | B66: 45526 | C66: 39.08 | D66: 39.3 | E66: 36.37 | F66: 36.51 | G66: 39 | H66: -2.49 | I66: -6.3846 | J66: 489856.09 | K66: 1830086.3 | L66: 用户提供行情CSV | M66: 股票日行情 | N66: 45527 | O66: 65 | P66: 66 | Q66: -1 | R66: 事件前100个交易日
A67: 603019.SH | B67: 45527 | C67: 36.52 | D67: 37.03 | E67: 35.79 | F67: 36.38 | G67: 36.51 | H67: -0.13 | I67: -0.3561 | J67: 345196.77 | K67: 1256575 | L67: 用户提供行情CSV | M67: 股票日行情 | N67: 45527 | O67: 66 | P67: 66 | Q67: 0 | R67: 事件当日 | S67: 前100日不完整，仅65个交易日；后5日不完整，仅3个交易日
A68: 603019.SH | B68: 45530 | C68: 36.4 | D68: 36.58 | E68: 35.16 | F68: 35.68 | G68: 36.38 | H68: -0.7 | I68: -1.9241 | J68: 314781.3 | K68: 1126715.8 | L68: 用户提供行情CSV | M68: 股票日行情 | N68: 45527 | O68: 67 | P68: 66 | Q68: 1 | R68: 事件后5个交易日
A69: 603019.SH | B69: 45531 | C69: 35.45 | D69: 35.55 | E69: 34.83 | F69: 35.01 | G69: 35.68 | H69: -0.67 | I69: -1.8778 | J69: 208373.01 | K69: 730526.11 | L69: 用户提供行情CSV | M69: 股票日行情 | N69: 45527 | O69: 68 | P69: 66 | Q69: 2 | R69: 事件后5个交易日
A70: 603019.SH | B70: 45532 | C70: 35.01 | D70: 35.48 | E70: 34.82 | F70: 35.3 | G70: 35.01 | H70: 0.29 | I70: 0.8283 | J70: 168931.23 | K70: 593794.12 | L70: 用户提供行情CSV | M70: 股票日行情 | N70: 45527 | O70: 69 | P70: 66 | Q70: 3 | R70: 事件后5个交易日

Sheet 603220.SH_元数据
A1: 字段 | B1: 内容
A2: 股票代码 | B2: 603220.SH
A3: 事件名称 | B3: 中贝通信：关于签订算力综合服务框架协议的公告
A4: 事件日期 | B4: 45972
A5: 数据来源 | B5: 用户提供行情CSV + 事件库1.csv
A6: 分类规则 | B6: 前100个交易日 / 事件当日 / 后5个交易日
A7: 说明 | B7: 使用事件库匹配事件，并按事件日期定位T0；若事件日非交易日，则顺延到下一交易日。
A8: 原始事件日期 | B8: 45972
A9: 事件ID | B9: 5
A10: 事件类型 | B10: 公司行为
A11: 行业 | B11: 算力
A12: 事件来源 | B12: 巨潮资讯
A13: 内容链接 | B13: https://www.cninfo.com.cn/new/disclosure/detail?orgId=9900035549&announcementId=1224795084&announcementTime=2025-11-11
A14: 状态说明 | B14: 已匹配

Sheet 603220.SH_行情
A1: ts_code | B1: trade_date | C1: open | D1: high | E1: low | F1: close | G1: pre_close | H1: change | I1: pct_chg | J1: vol | K1: amount | L1: 数据来源 | M1: 数据分类 | N1: 事件日期 | O1: 交易日序号 | P1: 事件交易日序号 | Q1: 相对交易日 | R1: 窗口标签 | S1: 备注
A2: 603220.SH | B2: 45880 | C2: 21.47 | D2: 22.1 | E2: 21.47 | F2: 22.04 | G2: 21.52 | H2: 0.52 | I2: 2.4164 | J2: 110100.95 | K2: 241182.22 | L2: 用户提供行情CSV | M2: 股票日行情 | N2: 45972 | O2: 1 | P2: 61 | Q2: -60 | R2: 事件前100个交易日
A3: 603220.SH | B3: 45881 | C3: 22.04 | D3: 22.09 | E3: 21.81 | F3: 21.93 | G3: 22.04 | H3: -0.11 | I3: -0.4991 | J3: 80599.34 | K3: 176699.24 | L3: 用户提供行情CSV | M3: 股票日行情 | N3: 45972 | O3: 2 | P3: 61 | Q3: -59 | R3: 事件前100个交易日
A4: 603220.SH | B4: 45882 | C4: 21.94 | D4: 22.22 | E4: 21.84 | F4: 22.1 | G4: 21.93 | H4: 0.17 | I4: 0.7752 | J4: 119401.98 | K4: 263480.89 | L4: 用户提供行情CSV | M4: 股票日行情 | N4: 45972 | O4: 3 | P4: 61 | Q4: -58 | R4: 事件前100个交易日
A5: 603220.SH | B5: 45883 | C5: 22.15 | D5: 22.27 | E5: 21.75 | F5: 21.77 | G5: 22.1 | H5: -0.33 | I5: -1.4932 | J5: 119839.27 | K5: 263260.14 | L5: 用户提供行情CSV | M5: 股票日行情 | N5: 45972 | O5: 4 | P5: 61 | Q5: -57 | R5: 事件前100个交易日
A6: 603220.SH | B6: 45884 | C6: 21.63 | D6: 22.07 | E6: 21.6 | F6: 22.03 | G6: 21.77 | H6: 0.26 | I6: 1.1943 | J6: 104647.79 | K6: 229447.53 | L6: 用户提供行情CSV | M6: 股票日行情 | N6: 45972 | O6: 5 | P6: 61 | Q6: -56 | R6: 事件前100个交易日
A7: 603220.SH | B7: 45887 | C7: 22.05 | D7: 22.8 | E7: 22.05 | F7: 22.76 | G7: 22.03 | H7: 0.73 | I7: 3.3137 | J7: 266144.94 | K7: 601084.25 | L7: 用户提供行情CSV | M7: 股票日行情 | N7: 45972 | O7: 6 | P7: 61 | Q7: -55 | R7: 事件前100个交易日
A8: 603220.SH | B8: 45888 | C8: 22.87 | D8: 22.98 | E8: 22.44 | F8: 22.73 | G8: 22.76 | H8: -0.03 | I8: -0.1318 | J8: 187196.07 | K8: 425519.2 | L8: 用户提供行情CSV | M8: 股票日行情 | N8: 45972 | O8: 7 | P8: 61 | Q8: -54 | R8: 事件前100个交易日
A9: 603220.SH | B9: 45889 | C9: 22.51 | D9: 23.05 | E9: 22.51 | F9: 23.05 | G9: 22.73 | H9: 0.32 | I9: 1.4078 | J9: 203947.91 | K9: 466151.91 | L9: 用户提供行情CSV | M9: 股票日行情 | N9: 45972 | O9: 8 | P9: 61 | Q9: -53 | R9: 事件前100个交易日
A10: 603220.SH | B10: 45890 | C10: 23.11 | D10: 23.32 | E10: 22.79 | F10: 22.95 | G10: 23.05 | H10: -0.1 | I10: -0.4338 | J10: 187469.81 | K10: 431050.25 | L10: 用户提供行情CSV | M10: 股票日行情 | N10: 45972 | O10: 9 | P10: 61 | Q10: -52 | R10: 事件前100个交易日
A11: 603220.SH | B11: 45891 | C11: 22.95 | D11: 23.47 | E11: 22.81 | F11: 23.3 | G11: 22.95 | H11: 0.35 | I11: 1.5251 | J11: 216156.65 | K11: 502796.47 | L11: 用户提供行情CSV | M11: 股票日行情 | N11: 45972 | O11: 10 | P11: 61 | Q11: -51 | R11: 事件前100个交易日
A12: 603220.SH | B12: 45894 | C12: 23.81 | D12: 23.94 | E12: 23.21 | F12: 23.42 | G12: 23.3 | H12: 0.12 | I12: 0.515 | J12: 270418.63 | K12: 637017.47 | L12: 用户提供行情CSV | M12: 股票日行情 | N12: 45972 | O12: 11 | P12: 61 | Q12: -50 | R12: 事件前100个交易日
A13: 603220.SH | B13: 45895 | C13: 23.21 | D13: 23.87 | E13: 23.18 | F13: 23.55 | G13: 23.42 | H13: 0.13 | I13: 0.5551 | J13: 209111.22 | K13: 493058.03 | L13: 用户提供行情CSV | M13: 股票日行情 | N13: 45972 | O13: 12 | P13: 61 | Q13: -49 | R13: 事件前100个交易日
... A61: 603220.SH | B61: 45971 | C61: 24.25 | D61: 24.39 | E61: 23.86 | F61: 23.96 | G61: 24.2 | H61: -0.24 | I61: -0.9917 | J61: 95689.27 | K61: 230222.59 | L61: 用户提供行情CSV | M61: 股票日行情 | N61: 45972 | O61: 60 | P61: 61 | Q61: -1 | R61: 事件前100个交易日
A62: 603220.SH | B62: 45972 | C62: 25 | D62: 25 | E62: 24.21 | F62: 24.26 | G62: 23.96 | H62: 0.3 | I62: 1.2521 | J62: 225403.15 | K62: 552550.44 | L62: 用户提供行情CSV | M62: 股票日行情 | N62: 45972 | O62: 61 | P62: 61 | Q62: 0 | R62: 事件当日 | S62: 前100日不完整，仅60个交易日；后5日不完整，仅3个交易日
A63: 603220.SH | B63: 45973 | C63: 23.92 | D63: 23.98 | E63: 23.19 | F63: 23.43 | G63: 24.26 | H63: -0.83 | I63: -3.4213 | J63: 138830.78 | K63: 326368.65 | L63: 用户提供行情CSV | M63: 股票日行情 | N63: 45972 | O63: 62 | P63: 61 | Q63: 1 | R63: 事件后5个交易日
A64: 603220.SH | B64: 45974 | C64: 23.21 | D64: 23.42 | E64: 23.15 | F64: 23.31 | G64: 23.43 | H64: -0.12 | I64: -0.5122 | J64: 102493.5 | K64: 238246.88 | L64: 用户提供行情CSV | M64: 股票日行情 | N64: 45972 | O64: 63 | P64: 61 | Q64: 2 | R64: 事件后5个交易日
A65: 603220.SH | B65: 45975 | C65: 23.3 | D65: 23.45 | E65: 23.16 | F65: 23.2 | G65: 23.31 | H65: -0.11 | I65: -0.4719 | J65: 72213.91 | K65: 168325.86 | L65: 用户提供行情CSV | M65: 股票日行情 | N65: 45972 | O65: 64 | P65: 61 | Q65: 3 | R65: 事件后5个交易日

Sheet 000063.SZ_元数据 Copy

Sheet 603688.SH_元数据
A1: 字段 | B1: 内容
A2: 股票代码 | B2: 603688.SH
A3: 事件名称 | B3: 光伏石英砂龙头，半导体国产替代加快
A4: 事件日期 | B4: 45958
A5: 数据来源 | B5: 用户提供行情CSV + 事件库1.csv
A6: 分类规则 | B6: 前100个交易日 / 事件当日 / 后5个交易日
A7: 说明 | B7: 使用事件库匹配事件，并按事件日期定位T0；若事件日非交易日，则顺延到下一交易日。
A8: 原始事件日期 | B8: 45958
A9: 事件ID | B9: 45
A10: 事件类型 | B10: 技术
A11: 行业 | B11: 半导体
A12: 事件来源 | B12: 东方财富
A13: 内容链接 | B13: http://data.eastmoney.com/report/zw_stock.jshtml?infocode=AP202510281770617245
A14: 状态说明 | B14: 已匹配

Sheet 603688.SH_行情
A1: ts_code | B1: trade_date | C1: open | D1: high | E1: low | F1: close | G1: pre_close | H1: change | I1: pct_chg | J1: vol | K1: amount | L1: 数据来源 | M1: 数据分类 | N1: 事件日期 | O1: 交易日序号 | P1: 事件交易日序号 | Q1: 相对交易日 | R1: 窗口标签 | S1: 备注
A2: 603688.SH | B2: 45866 | C2: 34.96 | D2: 35.41 | E2: 34.75 | F2: 35.05 | G2: 35.12 | H2: -0.07 | I2: -0.1993 | J2: 74802.5 | K2: 262859.3 | L2: 用户提供行情CSV | M2: 股票日行情 | N2: 45958 | O2: 1 | P2: 61 | Q2: -60 | R2: 事件前100个交易日
A3: 603688.SH | B3: 45867 | C3: 34.9 | D3: 35.39 | E3: 34.75 | F3: 35.38 | G3: 35.05 | H3: 0.33 | I3: 0.9415 | J3: 97246 | K3: 341327.11 | L3: 用户提供行情CSV | M3: 股票日行情 | N3: 45958 | O3: 2 | P3: 61 | Q3: -59 | R3: 事件前100个交易日
A4: 603688.SH | B4: 45868 | C4: 35.3 | D4: 35.5 | E4: 34.43 | F4: 34.78 | G4: 35.38 | H4: -0.6 | I4: -1.6959 | J4: 98790.45 | K4: 345084.4 | L4: 用户提供行情CSV | M4: 股票日行情 | N4: 45958 | O4: 3 | P4: 61 | Q4: -58 | R4: 事件前100个交易日
A5: 603688.SH | B5: 45869 | C5: 34.7 | D5: 36.44 | E5: 34.57 | F5: 34.96 | G5: 34.78 | H5: 0.18 | I5: 0.5175 | J5: 207096.08 | K5: 735746.72 | L5: 用户提供行情CSV | M5: 股票日行情 | N5: 45958 | O5: 4 | P5: 61 | Q5: -57 | R5: 事件前100个交易日
A6: 603688.SH | B6: 45870 | C6: 34.96 | D6: 37.21 | E6: 34.66 | F6: 36 | G6: 34.96 | H6: 1.04 | I6: 2.9748 | J6: 277350.41 | K6: 997591.51 | L6: 用户提供行情CSV | M6: 股票日行情 | N6: 45958 | O6: 5 | P6: 61 | Q6: -56 | R6: 事件前100个交易日
A7: 603688.SH | B7: 45873 | C7: 35.65 | D7: 36.21 | E7: 34.68 | F7: 35.23 | G7: 36 | H7: -0.77 | I7: -2.1389 | J7: 175486.11 | K7: 616114.27 | L7: 用户提供行情CSV | M7: 股票日行情 | N7: 45958 | O7: 6 | P7: 61 | Q7: -55 | R7: 事件前100个交易日
A8: 603688.SH | B8: 45874 | C8: 35.23 | D8: 35.23 | E8: 34.41 | F8: 34.62 | G8: 35.23 | H8: -0.61 | I8: -1.7315 | J8: 134215.69 | K8: 466175.95 | L8: 用户提供行情CSV | M8: 股票日行情 | N8: 45958 | O8: 7 | P8: 61 | Q8: -54 | R8: 事件前100个交易日
A9: 603688.SH | B9: 45875 | C9: 34.63 | D9: 34.81 | E9: 34.51 | F9: 34.73 | G9: 34.62 | H9: 0.11 | I9: 0.3177 | J9: 69934.77 | K9: 242459.7 | L9: 用户提供行情CSV | M9: 股票日行情 | N9: 45958 | O9: 8 | P9: 61 | Q9: -53 | R9: 事件前100个交易日
A10: 603688.SH | B10: 45876 | C10: 34.72 | D10: 34.73 | E10: 34.22 | F10: 34.55 | G10: 34.73 | H10: -0.18 | I10: -0.5183 | J10: 88275.52 | K10: 304754.58 | L10: 用户提供行情CSV | M10: 股票日行情 | N10: 45958 | O10: 9 | P10: 61 | Q10: -52 | R10: 事件前100个交易日
A11: 603688.SH | B11: 45877 | C11: 34.3 | D11: 34.7 | E11: 34.1 | F11: 34.37 | G11: 34.55 | H11: -0.18 | I11: -0.521 | J11: 67517.04 | K11: 231951.67 | L11: 用户提供行情CSV | M11: 股票日行情 | N11: 45958 | O11: 10 | P11: 61 | Q11: -51 | R11: 事件前100个交易日
A12: 603688.SH | B12: 45880 | C12: 34.2 | D12: 34.7 | E12: 34.18 | F12: 34.59 | G12: 34.37 | H12: 0.22 | I12: 0.6401 | J12: 70150.18 | K12: 242058.05 | L12: 用户提供行情CSV | M12: 股票日行情 | N12: 45958 | O12: 11 | P12: 61 | Q12: -50 | R12: 事件前100个交易日
A13: 603688.SH | B13: 45881 | C13: 34.59 | D13: 34.88 | E13: 34.14 | F13: 34.74 | G13: 34.59 | H13: 0.15 | I13: 0.4337 | J13: 102925 | K13: 354624.73 | L13: 用户提供行情CSV | M13: 股票日行情 | N13: 45958 | O13: 12 | P13: 61 | Q13: -49 | R13: 事件前100个交易日
... A61: 603688.SH | B61: 45957 | C61: 38.24 | D61: 39.4 | E61: 38.13 | F61: 38.58 | G61: 38.78 | H61: -0.2 | I61: -0.5157 | J61: 105935.9 | K61: 410343.83 | L61: 用户提供行情CSV | M61: 股票日行情 | N61: 45958 | O61: 60 | P61: 61 | Q61: -1 | R61: 事件前100个交易日
A62: 603688.SH | B62: 45958 | C62: 40.35 | D62: 42.44 | E62: 40.3 | F62: 42.44 | G62: 38.58 | H62: 3.86 | I62: 10.0052 | J62: 277100.86 | K62: 1159550.7 | L62: 用户提供行情CSV | M62: 股票日行情 | N62: 45958 | O62: 61 | P62: 61 | Q62: 0 | R62: 事件当日 | S62: 事件前仅有60个交易日；事件后仅有4个交易日
A63: 603688.SH | B63: 45959 | C63: 42.44 | D63: 43.25 | E63: 41.88 | F63: 42.96 | G63: 42.44 | H63: 0.52 | I63: 1.2253 | J63: 319883.48 | K63: 1364375.3 | L63: 用户提供行情CSV | M63: 股票日行情 | N63: 45958 | O63: 62 | P63: 61 | Q63: 1 | R63: 事件后5个交易日
A64: 603688.SH | B64: 45960 | C64: 42.96 | D64: 44.24 | E64: 42.05 | F64: 42.08 | G64: 42.96 | H64: -0.88 | I64: -2.0484 | J64: 260247.26 | K64: 1116742.8 | L64: 用户提供行情CSV | M64: 股票日行情 | N64: 45958 | O64: 63 | P64: 61 | Q64: 2 | R64: 事件后5个交易日
A65: 603688.SH | B65: 45961 | C65: 42.05 | D65: 42.76 | E65: 41.27 | F65: 41.27 | G65: 42.08 | H65: -0.81 | I65: -1.9249 | J65: 143594.48 | K65: 599324.06 | L65: 用户提供行情CSV | M65: 股票日行情 | N65: 45958 | O65: 64 | P65: 61 | Q65: 3 | R65: 事件后5个交易日
A66: 603688.SH | B66: 45964 | C66: 41.2 | D66: 41.39 | E66: 39.72 | F66: 40.95 | G66: 41.27 | H66: -0.32 | I66: -0.7754 | J66: 124553.29 | K66: 504749.32 | L66: 用户提供行情CSV | M66: 股票日行情 | N66: 45958 | O66: 65 | P66: 61 | Q66: 4 | R66: 事件后5个交易日

Sheet 688008.SH_元数据
A1: 字段 | B1: 内容
A2: 股票代码 | B2: 688008.SH
A3: 事件名称 | B3: 中国AI算力需求大爆发，利好内存接口龙头
A4: 事件日期 | B4: 45709
A5: 数据来源 | B5: 用户提供行情CSV + 事件库1.csv
A6: 分类规则 | B6: 前100个交易日 / 事件当日 / 后5个交易日
A7: 说明 | B7: 使用事件库匹配事件，并按事件日期定位T0；若事件日非交易日，则顺延到下一交易日。
A8: 原始事件日期 | B8: 45709
A9: 事件ID | B9: 13
A10: 事件类型 | B10: 技术
A11: 行业 | B11: 算力
A12: 事件来源 | B12: 东方财富
A13: 内容链接 | B13: http://data.eastmoney.com/report/zw_stock.jshtml?infocode=AP202502211643357942
A14: 状态说明 | B14: 已匹配

Sheet 688008.SH_行情
A1: ts_code | B1: trade_date | C1: open | D1: high | E1: low | F1: close | G1: pre_close | H1: change | I1: pct_chg | J1: vol | K1: amount | L1: 数据来源 | M1: 数据分类 | N1: 事件日期 | O1: 交易日序号 | P1: 事件交易日序号 | Q1: 相对交易日 | R1: 窗口标签 | S1: 备注
A2: 688008.SH | B2: 45617 | C2: 67.8 | D2: 68.85 | E2: 66.84 | F2: 67.6 | G2: 67.96 | H2: -0.36 | I2: -0.5297 | J2: 260358.58 | K2: 1771095.2 | L2: 用户提供行情CSV | M2: 股票日行情 | N2: 45709 | O2: 1 | P2: 60 | Q2: -59 | R2: 事件前100个交易日
A3: 688008.SH | B3: 45618 | C3: 67.81 | D3: 68.88 | E3: 63.88 | F3: 63.91 | G3: 67.6 | H3: -3.69 | I3: -5.4586 | J3: 347760.61 | K3: 2304432 | L3: 用户提供行情CSV | M3: 股票日行情 | N3: 45709 | O3: 2 | P3: 60 | Q3: -58 | R3: 事件前100个交易日
A4: 688008.SH | B4: 45621 | C4: 63.6 | D4: 64.3 | E4: 62 | F4: 63.63 | G4: 63.91 | H4: -0.28 | I4: -0.4381 | J4: 274235.29 | K4: 1730585.6 | L4: 用户提供行情CSV | M4: 股票日行情 | N4: 45709 | O4: 3 | P4: 60 | Q4: -57 | R4: 事件前100个交易日
A5: 688008.SH | B5: 45622 | C5: 63.28 | D5: 64.27 | E5: 62.92 | F5: 63.11 | G5: 63.63 | H5: -0.52 | I5: -0.8172 | J5: 163496.42 | K5: 1038623.1 | L5: 用户提供行情CSV | M5: 股票日行情 | N5: 45709 | O5: 4 | P5: 60 | Q5: -56 | R5: 事件前100个交易日
A6: 688008.SH | B6: 45623 | C6: 63.01 | D6: 66.75 | E6: 62.6 | F6: 66.69 | G6: 63.11 | H6: 3.58 | I6: 5.6726 | J6: 368979.73 | K6: 2406600.2 | L6: 用户提供行情CSV | M6: 股票日行情 | N6: 45709 | O6: 5 | P6: 60 | Q6: -55 | R6: 事件前100个交易日
A7: 688008.SH | B7: 45624 | C7: 66.6 | D7: 67.3 | E7: 66.13 | F7: 66.52 | G7: 66.69 | H7: -0.17 | I7: -0.2549 | J7: 247387.2 | K7: 1648646 | L7: 用户提供行情CSV | M7: 股票日行情 | N7: 45709 | O7: 6 | P7: 60 | Q7: -54 | R7: 事件前100个交易日
A8: 688008.SH | B8: 45625 | C8: 66.29 | D8: 68.5 | E8: 65.42 | F8: 67.38 | G8: 66.52 | H8: 0.86 | I8: 1.2928 | J8: 307097.32 | K8: 2059568.4 | L8: 用户提供行情CSV | M8: 股票日行情 | N8: 45709 | O8: 7 | P8: 60 | Q8: -53 | R8: 事件前100个交易日
A9: 688008.SH | B9: 45628 | C9: 68.64 | D9: 69.97 | E9: 68.05 | F9: 69.13 | G9: 67.38 | H9: 1.75 | I9: 2.5972 | J9: 300298.65 | K9: 2070585.3 | L9: 用户提供行情CSV | M9: 股票日行情 | N9: 45709 | O9: 8 | P9: 60 | Q9: -52 | R9: 事件前100个交易日
A10: 688008.SH | B10: 45629 | C10: 69.16 | D10: 69.3 | E10: 67.03 | F10: 68.34 | G10: 69.13 | H10: -0.79 | I10: -1.1428 | J10: 246540.74 | K10: 1676651.5 | L10: 用户提供行情CSV | M10: 股票日行情 | N10: 45709 | O10: 9 | P10: 60 | Q10: -51 | R10: 事件前100个交易日
A11: 688008.SH | B11: 45630 | C11: 69.32 | D11: 69.88 | E11: 67.74 | F11: 67.83 | G11: 68.34 | H11: -0.51 | I11: -0.7463 | J11: 290377.22 | K11: 2003007.7 | L11: 用户提供行情CSV | M11: 股票日行情 | N11: 45709 | O11: 10 | P11: 60 | Q11: -50 | R11: 事件前100个交易日
A12: 688008.SH | B12: 45631 | C12: 67.1 | D12: 68.78 | E12: 67 | F12: 68.3 | G12: 67.83 | H12: 0.47 | I12: 0.6929 | J12: 173649.77 | K12: 1183224.9 | L12: 用户提供行情CSV | M12: 股票日行情 | N12: 45709 | O12: 11 | P12: 60 | Q12: -49 | R12: 事件前100个交易日
A13: 688008.SH | B13: 45632 | C13: 67.91 | D13: 70.53 | E13: 67.7 | F13: 70.18 | G13: 68.3 | H13: 1.88 | I13: 2.7526 | J13: 276740.19 | K13: 1923939.5 | L13: 用户提供行情CSV | M13: 股票日行情 | N13: 45709 | O13: 12 | P13: 60 | Q13: -48 | R13: 事件前100个交易日
... A60: 688008.SH | B60: 45708 | C60: 73.19 | D60: 73.41 | E60: 71.7 | F60: 72.44 | G60: 73.34 | H60: -0.9 | I60: -1.2272 | J60: 332343.95 | K60: 2410022.1 | L60: 用户提供行情CSV | M60: 股票日行情 | N60: 45709 | O60: 59 | P60: 60 | Q60: -1 | R60: 事件前100个交易日
A61: 688008.SH | B61: 45709 | C61: 73 | D61: 78.46 | E61: 73 | F61: 77.01 | G61: 72.44 | H61: 4.57 | I61: 6.3087 | J61: 708295.87 | K61: 5359593.8 | L61: 用户提供行情CSV | M61: 股票日行情 | N61: 45709 | O61: 60 | P61: 60 | Q61: 0 | R61: 事件当日 | S61: 事件前仅有59个交易日；事件后仅有3个交易日
A62: 688008.SH | B62: 45712 | C62: 77.7 | D62: 79.64 | E62: 76.47 | F62: 77.67 | G62: 77.01 | H62: 0.66 | I62: 0.857 | J62: 555016.8 | K62: 4326030.7 | L62: 用户提供行情CSV | M62: 股票日行情 | N62: 45709 | O62: 61 | P62: 60 | Q62: 1 | R62: 事件后5个交易日
A63: 688008.SH | B63: 45713 | C63: 77.3 | D63: 83 | E63: 76.86 | F63: 79.84 | G63: 77.67 | H63: 2.17 | I63: 2.7939 | J63: 771197.55 | K63: 6173145.3 | L63: 用户提供行情CSV | M63: 股票日行情 | N63: 45709 | O63: 62 | P63: 60 | Q63: 2 | R63: 事件后5个交易日
A64: 688008.SH | B64: 45714 | C64: 80.85 | D64: 83.47 | E64: 79.4 | F64: 81.66 | G64: 79.84 | H64: 1.82 | I64: 2.2796 | J64: 636599.16 | K64: 5206495.8 | L64: 用户提供行情CSV | M64: 股票日行情 | N64: 45709 | O64: 63 | P64: 60 | Q64: 3 | R64: 事件后5个交易日

Sheet 688048.SH_元数据
A1: 字段 | B1: 内容
A2: 股票代码 | B2: 688048.SH
A3: 事件名称 | B3: IDM平台筑泛半导体生态，AI算力引领高端光芯片机遇
A4: 事件日期 | B4: 46006
A5: 数据来源 | B5: 用户提供行情CSV + 事件库1.csv
A6: 分类规则 | B6: 前100个交易日 / 事件当日 / 后5个交易日
A7: 说明 | B7: 使用事件库匹配事件，并按事件日期定位T0；若事件日非交易日，则顺延到下一交易日。
A8: 原始事件日期 | B8: 46004
A9: 事件ID | B9: 46
A10: 事件类型 | B10: 技术
A11: 行业 | B11: 半导体
A12: 事件来源 | B12: 东方财富
A13: 内容链接 | B13: http://data.eastmoney.com/report/zw_stock.jshtml?infocode=AP202512131799619298
A14: 状态说明 | B14: 事件日顺延到下一交易日

Sheet 688048.SH_行情
A1: ts_code | B1: trade_date | C1: open | D1: high | E1: low | F1: close | G1: pre_close | H1: change | I1: pct_chg | J1: vol | K1: amount | L1: 数据来源 | M1: 数据分类 | N1: 事件日期 | O1: 交易日序号 | P1: 事件交易日序号 | Q1: 相对交易日 | R1: 窗口标签 | S1: 备注
A2: 688048.SH | B2: 45915 | C2: 77.95 | D2: 79 | E2: 75.01 | F2: 75.53 | G2: 78.25 | H2: -2.72 | I2: -3.476 | J2: 86192.99 | K2: 656212.79 | L2: 用户提供行情CSV | M2: 股票日行情 | N2: 46006 | O2: 1 | P2: 60 | Q2: -59 | R2: 事件前100个交易日
A3: 688048.SH | B3: 45916 | C3: 75.91 | D3: 76 | E3: 73.7 | F3: 75.19 | G3: 75.53 | H3: -0.34 | I3: -0.4502 | J3: 60559.46 | K3: 454637.94 | L3: 用户提供行情CSV | M3: 股票日行情 | N3: 46006 | O3: 2 | P3: 60 | Q3: -58 | R3: 事件前100个交易日
A4: 688048.SH | B4: 45917 | C4: 74.7 | D4: 77.34 | E4: 74.36 | F4: 76.14 | G4: 75.19 | H4: 0.95 | I4: 1.2635 | J4: 72624.55 | K4: 551747.84 | L4: 用户提供行情CSV | M4: 股票日行情 | N4: 46006 | O4: 3 | P4: 60 | Q4: -57 | R4: 事件前100个交易日
A5: 688048.SH | B5: 45918 | C5: 76 | D5: 79.83 | E5: 74.51 | F5: 75.76 | G5: 76.14 | H5: -0.38 | I5: -0.4991 | J5: 115672.27 | K5: 895494.02 | L5: 用户提供行情CSV | M5: 股票日行情 | N5: 46006 | O5: 4 | P5: 60 | Q5: -56 | R5: 事件前100个交易日
A6: 688048.SH | B6: 45919 | C6: 76.62 | D6: 80.17 | E6: 75.8 | F6: 77 | G6: 75.76 | H6: 1.24 | I6: 1.6367 | J6: 98890.82 | K6: 770500.51 | L6: 用户提供行情CSV | M6: 股票日行情 | N6: 46006 | O6: 5 | P6: 60 | Q6: -55 | R6: 事件前100个交易日
A7: 688048.SH | B7: 45922 | C7: 77.89 | D7: 79.85 | E7: 76.2 | F7: 79.2 | G7: 77 | H7: 2.2 | I7: 2.8571 | J7: 96463.31 | K7: 758382.09 | L7: 用户提供行情CSV | M7: 股票日行情 | N7: 46006 | O7: 6 | P7: 60 | Q7: -54 | R7: 事件前100个交易日
A8: 688048.SH | B8: 45923 | C8: 80.57 | D8: 80.99 | E8: 72.27 | F8: 75.36 | G8: 79.2 | H8: -3.84 | I8: -4.8485 | J8: 125805.39 | K8: 948669.13 | L8: 用户提供行情CSV | M8: 股票日行情 | N8: 46006 | O8: 7 | P8: 60 | Q8: -53 | R8: 事件前100个交易日
A9: 688048.SH | B9: 45924 | C9: 73 | D9: 76.8 | E9: 72.2 | F9: 75.5 | G9: 75.36 | H9: 0.14 | I9: 0.1858 | J9: 90764.1 | K9: 677275.89 | L9: 用户提供行情CSV | M9: 股票日行情 | N9: 46006 | O9: 8 | P9: 60 | Q9: -52 | R9: 事件前100个交易日
A10: 688048.SH | B10: 45925 | C10: 75.15 | D10: 77.44 | E10: 74.24 | F10: 75.39 | G10: 75.5 | H10: -0.11 | I10: -0.1457 | J10: 70593.55 | K10: 535642.78 | L10: 用户提供行情CSV | M10: 股票日行情 | N10: 46006 | O10: 9 | P10: 60 | Q10: -51 | R10: 事件前100个交易日
A11: 688048.SH | B11: 45926 | C11: 75 | D11: 75.68 | E11: 72.01 | F11: 72.44 | G11: 75.39 | H11: -2.95 | I11: -3.913 | J11: 69032.21 | K11: 505796.24 | L11: 用户提供行情CSV | M11: 股票日行情 | N11: 46006 | O11: 10 | P11: 60 | Q11: -50 | R11: 事件前100个交易日
A12: 688048.SH | B12: 45929 | C12: 72.42 | D12: 75.5 | E12: 72.03 | F12: 74.9 | G12: 72.44 | H12: 2.46 | I12: 3.3959 | J12: 72060.07 | K12: 532708.41 | L12: 用户提供行情CSV | M12: 股票日行情 | N12: 46006 | O12: 11 | P12: 60 | Q12: -49 | R12: 事件前100个交易日
A13: 688048.SH | B13: 45930 | C13: 75.3 | D13: 78.58 | E13: 74.28 | F13: 75.75 | G13: 74.9 | H13: 0.85 | I13: 1.1348 | J13: 68892.49 | K13: 525817.17 | L13: 用户提供行情CSV | M13: 股票日行情 | N13: 46006 | O13: 12 | P13: 60 | Q13: -48 | R13: 事件前100个交易日
... A60: 688048.SH | B60: 46003 | C60: 148 | D60: 153 | E60: 145.53 | F60: 149.28 | G60: 148 | H60: 1.28 | I60: 0.8649 | J60: 169795.67 | K60: 2533287.3 | L60: 用户提供行情CSV | M60: 股票日行情 | N60: 46006 | O60: 59 | P60: 60 | Q60: -1 | R60: 事件前100个交易日
A61: 688048.SH | B61: 46006 | C61: 140.99 | D61: 150.7 | E61: 140.99 | F61: 144.5 | G61: 149.28 | H61: -4.78 | I61: -3.202 | J61: 135427.37 | K61: 1959897.8 | L61: 用户提供行情CSV | M61: 股票日行情 | N61: 46006 | O61: 60 | P61: 60 | Q61: 0 | R61: 事件当日 | S61: 事件日顺延到下一交易日；事件前仅有59个交易日；事件后仅有3个交易日
A62: 688048.SH | B62: 46007 | C62: 145.99 | D62: 147.94 | E62: 137.01 | F62: 141.76 | G62: 144.5 | H62: -2.74 | I62: -1.8962 | J62: 130871.09 | K62: 1856971.5 | L62: 用户提供行情CSV | M62: 股票日行情 | N62: 46006 | O62: 61 | P62: 60 | Q62: 1 | R62: 事件后5个交易日
A63: 688048.SH | B63: 46008 | C63: 143 | D63: 150.67 | E63: 142.34 | F63: 149.5 | G63: 141.76 | H63: 7.74 | I63: 5.4599 | J63: 192925.09 | K63: 2847501.1 | L63: 用户提供行情CSV | M63: 股票日行情 | N63: 46006 | O63: 62 | P63: 60 | Q63: 2 | R63: 事件后5个交易日
A64: 688048.SH | B64: 46009 | C64: 142.2 | D64: 146.46 | E64: 139.25 | F64: 142.13 | G64: 149.5 | H64: -7.37 | I64: -4.9298 | J64: 155611.63 | K64: 2222312 | L64: 用户提供行情CSV | M64: 股票日行情 | N64: 46006 | O64: 63 | P64: 60 | Q64: 3 | R64: 事件后5个交易日

Sheet 688256.SH_元数据
A1: 字段 | B1: 内容
A2: 股票代码 | B2: 688256.SH
A3: 事件名称 | B3: 2025年半年报点评：国产AI算力龙头，2025Q2业绩延续高增态势
A4: 事件日期 | B4: 45897
A5: 数据来源 | B5: 用户提供行情CSV + 事件库1.csv
A6: 分类规则 | B6: 前100个交易日 / 事件当日 / 后5个交易日
A7: 说明 | B7: 使用事件库匹配事件，并按事件日期定位T0；若事件日非交易日，则顺延到下一交易日。
A8: 原始事件日期 | B8: 45897
A9: 事件ID | B9: 15
A10: 事件类型 | B10: 技术
A11: 行业 | B11: 算力
A12: 事件来源 | B12: 东方财富
A13: 内容链接 | B13: http://data.eastmoney.com/report/zw_stock.jshtml?infocode=AP202508281735945407
A14: 状态说明 | B14: 已匹配

Sheet 688256.SH_行情
A1: ts_code | B1: trade_date | C1: open | D1: high | E1: low | F1: close | G1: pre_close | H1: change | I1: pct_chg | J1: vol | K1: amount | L1: 数据来源 | M1: 数据分类 | N1: 事件日期 | O1: 交易日序号 | P1: 事件交易日序号 | Q1: 相对交易日 | R1: 窗口标签 | S1: 备注
A2: 688256.SH | B2: 45805 | C2: 616.6 | D2: 620 | E2: 604.5 | F2: 609.99 | G2: 614 | H2: -4.01 | I2: -0.6531 | J2: 45488.2 | K2: 2778767.6 | L2: 用户提供行情CSV | M2: 股票日行情 | N2: 45897 | O2: 1 | P2: 66 | Q2: -65 | R2: 事件前100个交易日
A3: 688256.SH | B3: 45806 | C3: 615 | D3: 619 | E3: 608 | F3: 612.9 | G3: 609.99 | H3: 2.91 | I3: 0.4771 | J3: 43579.91 | K3: 2675026.7 | L3: 用户提供行情CSV | M3: 股票日行情 | N3: 45897 | O3: 2 | P3: 66 | Q3: -64 | R3: 事件前100个交易日
A4: 688256.SH | B4: 45807 | C4: 606 | D4: 607.77 | E4: 583 | F4: 603.66 | G4: 612.9 | H4: -9.24 | I4: -1.5076 | J4: 58613.7 | K4: 3476241.9 | L4: 用户提供行情CSV | M4: 股票日行情 | N4: 45897 | O4: 3 | P4: 66 | Q4: -63 | R4: 事件前100个交易日
A5: 688256.SH | B5: 45811 | C5: 599 | D5: 606.65 | E5: 595.01 | F5: 595.86 | G5: 603.66 | H5: -7.8 | I5: -1.2921 | J5: 35352.49 | K5: 2120590.5 | L5: 用户提供行情CSV | M5: 股票日行情 | N5: 45897 | O5: 4 | P5: 66 | Q5: -62 | R5: 事件前100个交易日
A6: 688256.SH | B6: 45812 | C6: 602 | D6: 621.33 | E6: 598.93 | F6: 607.5 | G6: 595.86 | H6: 11.64 | I6: 1.9535 | J6: 48951.33 | K6: 2991239.1 | L6: 用户提供行情CSV | M6: 股票日行情 | N6: 45897 | O6: 5 | P6: 66 | Q6: -61 | R6: 事件前100个交易日
A7: 688256.SH | B7: 45813 | C7: 608 | D7: 628.99 | E7: 605.07 | F7: 619.86 | G7: 607.5 | H7: 12.36 | I7: 2.0346 | J7: 56877.81 | K7: 3516353.4 | L7: 用户提供行情CSV | M7: 股票日行情 | N7: 45897 | O7: 6 | P7: 66 | Q7: -60 | R7: 事件前100个交易日
A8: 688256.SH | B8: 45814 | C8: 620 | D8: 622.21 | E8: 606 | F8: 610 | G8: 619.86 | H8: -9.86 | I8: -1.5907 | J8: 41021.79 | K8: 2515114.4 | L8: 用户提供行情CSV | M8: 股票日行情 | N8: 45897 | O8: 7 | P8: 66 | Q8: -59 | R8: 事件前100个交易日
A9: 688256.SH | B9: 45817 | C9: 608 | D9: 615.83 | E9: 598.01 | F9: 613.28 | G9: 610 | H9: 3.28 | I9: 0.5377 | J9: 40475.32 | K9: 2461805.7 | L9: 用户提供行情CSV | M9: 股票日行情 | N9: 45897 | O9: 8 | P9: 66 | Q9: -58 | R9: 事件前100个交易日
A10: 688256.SH | B10: 45818 | C10: 613.28 | D10: 616.68 | E10: 597.5 | F10: 601.89 | G10: 613.28 | H10: -11.39 | I10: -1.8572 | J10: 42970.78 | K10: 2608660 | L10: 用户提供行情CSV | M10: 股票日行情 | N10: 45897 | O10: 9 | P10: 66 | Q10: -57 | R10: 事件前100个交易日
A11: 688256.SH | B11: 45819 | C11: 602 | D11: 607.9 | E11: 597.48 | F11: 600.2 | G11: 601.89 | H11: -1.69 | I11: -0.2808 | J11: 30918.7 | K11: 1862825.9 | L11: 用户提供行情CSV | M11: 股票日行情 | N11: 45897 | O11: 10 | P11: 66 | Q11: -56 | R11: 事件前100个交易日
A12: 688256.SH | B12: 45820 | C12: 597.58 | D12: 612.69 | E12: 590.02 | F12: 604.8 | G12: 600.2 | H12: 4.6 | I12: 0.7664 | J12: 38684.1 | K12: 2337517.1 | L12: 用户提供行情CSV | M12: 股票日行情 | N12: 45897 | O12: 11 | P12: 66 | Q12: -55 | R12: 事件前100个交易日
A13: 688256.SH | B13: 45821 | C13: 595.51 | D13: 607.88 | E13: 592.66 | F13: 604.9 | G13: 604.8 | H13: 0.1 | I13: 0.0165 | J13: 40457.64 | K13: 2436393.7 | L13: 用户提供行情CSV | M13: 股票日行情 | N13: 45897 | O13: 12 | P13: 66 | Q13: -54 | R13: 事件前100个交易日
... A66: 688256.SH | B66: 45896 | C66: 1378.88 | D66: 1464.98 | E66: 1341.02 | F66: 1372.1 | G66: 1329 | H66: 43.1 | I66: 3.243 | J66: 178950.9 | K66: 25003097 | L66: 用户提供行情CSV | M66: 股票日行情 | N66: 45897 | O66: 65 | P66: 66 | Q66: -1 | R66: 事件前100个交易日
A67: 688256.SH | B67: 45897 | C67: 1420 | D67: 1595.88 | E67: 1391 | F67: 1587.91 | G67: 1372.1 | H67: 215.81 | I67: 15.7284 | J67: 178270.45 | K67: 26023908 | L67: 用户提供行情CSV | M67: 股票日行情 | N67: 45897 | O67: 66 | P67: 66 | Q67: 0 | R67: 事件当日 | S67: 事件前仅有65个交易日；事件后仅有4个交易日
A68: 688256.SH | B68: 45898 | C68: 1480 | D68: 1534.97 | E68: 1420 | F68: 1492.49 | G68: 1587.91 | H68: -95.42 | I68: -6.0092 | J68: 178637.73 | K68: 26507283 | L68: 用户提供行情CSV | M68: 股票日行情 | N68: 45897 | O68: 67 | P68: 66 | Q68: 1 | R68: 事件后5个交易日
A69: 688256.SH | B69: 45901 | C69: 1460 | D69: 1508.6 | E69: 1358.75 | F69: 1448.39 | G69: 1492.49 | H69: -44.1 | I69: -2.9548 | J69: 175381.16 | K69: 25070934 | L69: 用户提供行情CSV | M69: 股票日行情 | N69: 45897 | O69: 68 | P69: 66 | Q69: 2 | R69: 事件后5个交易日
A70: 688256.SH | B70: 45902 | C70: 1451 | D70: 1540 | E70: 1431 | F70: 1480 | G70: 1448.39 | H70: 31.61 | I70: 2.1824 | J70: 173376.45 | K70: 25731181 | L70: 用户提供行情CSV | M70: 股票日行情 | N70: 45897 | O70: 69 | P70: 66 | Q70: 3 | R70: 事件后5个交易日
A71: 688256.SH | B71: 45903 | C71: 1419 | D71: 1439 | E71: 1371 | F71: 1405 | G71: 1480 | H71: -75 | I71: -5.0676 | J71: 141492.06 | K71: 19901150 | L71: 用户提供行情CSV | M71: 股票日行情 | N71: 45897 | O71: 70 | P71: 66 | Q71: 4 | R71: 事件后5个交易日

Sheet 688521.SH_元数据
A1: 字段 | B1: 内容
A2: 股票代码 | B2: 688521.SH
A3: 事件名称 | B3: GPU IP持续高占比高增长，量产业务持续放量
A4: 事件日期 | B4: 45352
A5: 数据来源 | B5: 用户提供行情CSV + 事件库1.csv
A6: 分类规则 | B6: 前100个交易日 / 事件当日 / 后5个交易日
A7: 说明 | B7: 使用事件库匹配事件，并按事件日期定位T0；若事件日非交易日，则顺延到下一交易日。
A8: 原始事件日期 | B8: 45352
A9: 事件ID | B9: 24
A10: 事件类型 | B10: 技术
A11: 行业 | B11: GPU
A12: 事件来源 | B12: 东方财富
A13: 内容链接 | B13: http://data.eastmoney.com/report/zw_stock.jshtml?infocode=AP202403011624845478
A14: 状态说明 | B14: 已匹配

Sheet 688521.SH_行情
A1: ts_code | B1: trade_date | C1: open | D1: high | E1: low | F1: close | G1: pre_close | H1: change | I1: pct_chg | J1: vol | K1: amount | L1: 数据来源 | M1: 数据分类 | N1: 事件日期 | O1: 交易日序号 | P1: 事件交易日序号 | Q1: 相对交易日 | R1: 窗口标签 | S1: 备注
A2: 688521.SH | B2: 45261 | C2: 53.12 | D2: 54.52 | E2: 52.9 | F2: 53.97 | G2: 53.4 | H2: 0.57 | I2: 1.0674 | J2: 24939.99 | K2: 133637.5 | L2: 用户提供行情CSV | M2: 股票日行情 | N2: 45352 | O2: 1 | P2: 59 | Q2: -58 | R2: 事件前100个交易日
A3: 688521.SH | B3: 45264 | C3: 54.1 | D3: 55.35 | E3: 53.83 | F3: 54.16 | G3: 53.97 | H3: 0.19 | I3: 0.352 | J3: 29599.81 | K3: 161512.5 | L3: 用户提供行情CSV | M3: 股票日行情 | N3: 45352 | O3: 2 | P3: 59 | Q3: -57 | R3: 事件前100个交易日
A4: 688521.SH | B4: 45265 | C4: 54 | D4: 54 | E4: 51.36 | F4: 51.42 | G4: 54.16 | H4: -2.74 | I4: -5.0591 | J4: 29922.23 | K4: 157041.87 | L4: 用户提供行情CSV | M4: 股票日行情 | N4: 45352 | O4: 3 | P4: 59 | Q4: -56 | R4: 事件前100个交易日
A5: 688521.SH | B5: 45266 | C5: 51.06 | D5: 51.83 | E5: 50.74 | F5: 51.11 | G5: 51.42 | H5: -0.31 | I5: -0.6029 | J5: 21053.63 | K5: 107850.8 | L5: 用户提供行情CSV | M5: 股票日行情 | N5: 45352 | O5: 4 | P5: 59 | Q5: -55 | R5: 事件前100个交易日
A6: 688521.SH | B6: 45267 | C6: 51.11 | D6: 52.44 | E6: 50.83 | F6: 51.88 | G6: 51.11 | H6: 0.77 | I6: 1.5066 | J6: 28662.8 | K6: 148069.14 | L6: 用户提供行情CSV | M6: 股票日行情 | N6: 45352 | O6: 5 | P6: 59 | Q6: -54 | R6: 事件前100个交易日
A7: 688521.SH | B7: 45268 | C7: 52.83 | D7: 55.15 | E7: 52.77 | F7: 54.98 | G7: 51.88 | H7: 3.1 | I7: 5.9753 | J7: 73168.78 | K7: 395178.21 | L7: 用户提供行情CSV | M7: 股票日行情 | N7: 45352 | O7: 6 | P7: 59 | Q7: -53 | R7: 事件前100个交易日
A8: 688521.SH | B8: 45271 | C8: 55.15 | D8: 56.66 | E8: 54.5 | F8: 56.35 | G8: 54.98 | H8: 1.37 | I8: 2.4918 | J8: 69323.27 | K8: 385934.47 | L8: 用户提供行情CSV | M8: 股票日行情 | N8: 45352 | O8: 7 | P8: 59 | Q8: -52 | R8: 事件前100个交易日
A9: 688521.SH | B9: 45272 | C9: 56.86 | D9: 58.34 | E9: 55.02 | F9: 55.95 | G9: 56.35 | H9: -0.4 | I9: -0.7098 | J9: 73029.8 | K9: 414556.39 | L9: 用户提供行情CSV | M9: 股票日行情 | N9: 45352 | O9: 8 | P9: 59 | Q9: -51 | R9: 事件前100个交易日
A10: 688521.SH | B10: 45273 | C10: 55.93 | D10: 57.25 | E10: 55.43 | F10: 55.6 | G10: 55.95 | H10: -0.35 | I10: -0.6256 | J10: 41333.24 | K10: 233007.42 | L10: 用户提供行情CSV | M10: 股票日行情 | N10: 45352 | O10: 9 | P10: 59 | Q10: -50 | R10: 事件前100个交易日
A11: 688521.SH | B11: 45274 | C11: 56.07 | D11: 57.2 | E11: 54.66 | F11: 54.92 | G11: 55.6 | H11: -0.68 | I11: -1.223 | J11: 38123.6 | K11: 212558.34 | L11: 用户提供行情CSV | M11: 股票日行情 | N11: 45352 | O11: 10 | P11: 59 | Q11: -49 | R11: 事件前100个交易日
A12: 688521.SH | B12: 45275 | C12: 54.61 | D12: 55.22 | E12: 53.01 | F12: 53.36 | G12: 54.92 | H12: -1.56 | I12: -2.8405 | J12: 40491.51 | K12: 218799.42 | L12: 用户提供行情CSV | M12: 股票日行情 | N12: 45352 | O12: 11 | P12: 59 | Q12: -48 | R12: 事件前100个交易日
A13: 688521.SH | B13: 45278 | C13: 53.07 | D13: 53.34 | E13: 51.26 | F13: 51.6 | G13: 53.36 | H13: -1.76 | I13: -3.2984 | J13: 31811.08 | K13: 165616.5 | L13: 用户提供行情CSV | M13: 股票日行情 | N13: 45352 | O13: 12 | P13: 59 | Q13: -47 | R13: 事件前100个交易日
... A59: 688521.SH | B59: 45351 | C59: 36.9 | D59: 41.02 | E59: 36.73 | F59: 40.6 | G59: 37.1 | H59: 3.5 | I59: 9.434 | J59: 109522.61 | K59: 429907.83 | L59: 用户提供行情CSV | M59: 股票日行情 | N59: 45352 | O59: 58 | P59: 59 | Q59: -1 | R59: 事件前100个交易日
A60: 688521.SH | B60: 45352 | C60: 41.03 | D60: 42.13 | E60: 40.03 | F60: 41.46 | G60: 40.6 | H60: 0.86 | I60: 2.1182 | J60: 88961.65 | K60: 365410.5 | L60: 用户提供行情CSV | M60: 股票日行情 | N60: 45352 | O60: 59 | P60: 59 | Q60: 0 | R60: 事件当日 | S60: 事件前仅有58个交易日；事件后仅有3个交易日
A61: 688521.SH | B61: 45355 | C61: 42 | D61: 42.87 | E61: 40.45 | F61: 41.5 | G61: 41.46 | H61: 0.04 | I61: 0.0965 | J61: 93857.88 | K61: 390080.42 | L61: 用户提供行情CSV | M61: 股票日行情 | N61: 45352 | O61: 60 | P61: 59 | Q61: 1 | R61: 事件后5个交易日
A62: 688521.SH | B62: 45356 | C62: 41 | D62: 41.63 | E62: 39.8 | F62: 40.37 | G62: 41.5 | H62: -1.13 | I62: -2.7229 | J62: 85184.78 | K62: 347297.78 | L62: 用户提供行情CSV | M62: 股票日行情 | N62: 45352 | O62: 61 | P62: 59 | Q62: 2 | R62: 事件后5个交易日
A63: 688521.SH | B63: 45357 | C63: 39.88 | D63: 41.29 | E63: 39.01 | F63: 40.15 | G63: 40.37 | H63: -0.22 | I63: -0.545 | J63: 65051.15 | K63: 259947.13 | L63: 用户提供行情CSV | M63: 股票日行情 | N63: 45352 | O63: 62 | P63: 59 | Q63: 3 | R63: 事件后5个交易日

Sheet 688627.SH_元数据
A1: 字段 | B1: 内容
A2: 股票代码 | B2: 688627.SH
A3: 事件名称 | B3: 精智达技术：半导体测试设备技术和订单双重落地，助力公司长期稳健发展
A4: 事件日期 | B4: 45729
A5: 数据来源 | B5: 用户提供行情CSV + 事件库1.csv
A6: 分类规则 | B6: 前100个交易日 / 事件当日 / 后5个交易日
A7: 说明 | B7: 使用事件库匹配事件，并按事件日期定位T0；若事件日非交易日，则顺延到下一交易日。
A8: 原始事件日期 | B8: 45729
A9: 事件ID | B9: 43
A10: 事件类型 | B10: 技术
A11: 行业 | B11: 半导体
A12: 事件来源 | B12: 东方财富
A13: 内容链接 | B13: http://data.eastmoney.com/report/zw_stock.jshtml?infocode=AP202503131644330863
A14: 状态说明 | B14: 已匹配

Sheet 688627.SH_行情
A1: ts_code | B1: trade_date | C1: open | D1: high | E1: low | F1: close | G1: pre_close | H1: change | I1: pct_chg | J1: vol | K1: amount | L1: 数据来源 | M1: 数据分类 | N1: 事件日期 | O1: 交易日序号 | P1: 事件交易日序号 | Q1: 相对交易日 | R1: 窗口标签 | S1: 备注
A2: 688627.SH | B2: 45639 | C2: 74.2 | D2: 75.79 | E2: 73.13 | F2: 73.15 | G2: 74.67 | H2: -1.52 | I2: -2.0356 | J2: 13456.13 | K2: 100132.34 | L2: 用户提供行情CSV | M2: 股票日行情 | N2: 45729 | O2: 1 | P2: 58 | Q2: -57 | R2: 事件前100个交易日
A3: 688627.SH | B3: 45642 | C3: 73.2 | D3: 73.21 | E3: 70 | F3: 71.1 | G3: 73.15 | H3: -2.05 | I3: -2.8025 | J3: 15213.82 | K3: 108000.38 | L3: 用户提供行情CSV | M3: 股票日行情 | N3: 45729 | O3: 2 | P3: 58 | Q3: -56 | R3: 事件前100个交易日
A4: 688627.SH | B4: 45643 | C4: 70.77 | D4: 72.2 | E4: 69.66 | F4: 70.68 | G4: 71.1 | H4: -0.42 | I4: -0.5907 | J4: 13298.86 | K4: 94109.763 | L4: 用户提供行情CSV | M4: 股票日行情 | N4: 45729 | O4: 3 | P4: 58 | Q4: -55 | R4: 事件前100个交易日
A5: 688627.SH | B5: 45644 | C5: 70.82 | D5: 76.77 | E5: 69.15 | F5: 76.5 | G5: 70.68 | H5: 5.82 | I5: 8.2343 | J5: 22201.96 | K5: 164453.36 | L5: 用户提供行情CSV | M5: 股票日行情 | N5: 45729 | O5: 4 | P5: 58 | Q5: -54 | R5: 事件前100个交易日
A6: 688627.SH | B6: 45645 | C6: 75.19 | D6: 79.5 | E6: 74.78 | F6: 78.77 | G6: 76.5 | H6: 2.27 | I6: 2.9673 | J6: 18862.9 | K6: 147113.62 | L6: 用户提供行情CSV | M6: 股票日行情 | N6: 45729 | O6: 5 | P6: 58 | Q6: -53 | R6: 事件前100个交易日
A7: 688627.SH | B7: 45646 | C7: 78.39 | D7: 85 | E7: 77.12 | F7: 84 | G7: 78.77 | H7: 5.23 | I7: 6.6396 | J7: 30965.81 | K7: 255733.21 | L7: 用户提供行情CSV | M7: 股票日行情 | N7: 45729 | O7: 6 | P7: 58 | Q7: -52 | R7: 事件前100个交易日
A8: 688627.SH | B8: 45649 | C8: 83.85 | D8: 86.66 | E8: 77.5 | F8: 77.9 | G8: 84 | H8: -6.1 | I8: -7.2619 | J8: 25608.72 | K8: 209543.47 | L8: 用户提供行情CSV | M8: 股票日行情 | N8: 45729 | O8: 7 | P8: 58 | Q8: -51 | R8: 事件前100个交易日
A9: 688627.SH | B9: 45650 | C9: 78.56 | D9: 81.7 | E9: 77 | F9: 80.3 | G9: 77.9 | H9: 2.4 | I9: 3.0809 | J9: 17467.85 | K9: 139167.63 | L9: 用户提供行情CSV | M9: 股票日行情 | N9: 45729 | O9: 8 | P9: 58 | Q9: -50 | R9: 事件前100个交易日
A10: 688627.SH | B10: 45651 | C10: 79.58 | D10: 83.17 | E10: 77 | F10: 82 | G10: 80.3 | H10: 1.7 | I10: 2.1171 | J10: 22596.16 | K10: 181037.37 | L10: 用户提供行情CSV | M10: 股票日行情 | N10: 45729 | O10: 9 | P10: 58 | Q10: -49 | R10: 事件前100个交易日
A11: 688627.SH | B11: 45652 | C11: 80.87 | D11: 85.2 | E11: 79.4 | F11: 82.16 | G11: 82 | H11: 0.16 | I11: 0.1951 | J11: 25027.2 | K11: 206181.68 | L11: 用户提供行情CSV | M11: 股票日行情 | N11: 45729 | O11: 10 | P11: 58 | Q11: -48 | R11: 事件前100个交易日
A12: 688627.SH | B12: 45653 | C12: 82.49 | D12: 82.49 | E12: 76.71 | F12: 79.27 | G12: 82.16 | H12: -2.89 | I12: -3.5175 | J12: 21627.87 | K12: 171117.37 | L12: 用户提供行情CSV | M12: 股票日行情 | N12: 45729 | O12: 11 | P12: 58 | Q12: -47 | R12: 事件前100个交易日
A13: 688627.SH | B13: 45656 | C13: 78.86 | D13: 79.68 | E13: 76.58 | F13: 76.82 | G13: 79.27 | H13: -2.45 | I13: -3.0907 | J13: 11697.45 | K13: 91094.302 | L13: 用户提供行情CSV | M13: 股票日行情 | N13: 45729 | O13: 12 | P13: 58 | Q13: -46 | R13: 事件前100个交易日
... A58: 688627.SH | B58: 45728 | C58: 77.24 | D58: 77.6 | E58: 74.02 | F58: 75.1 | G58: 76.8 | H58: -1.7 | I58: -2.2135 | J58: 18803.65 | K58: 141212.08 | L58: 用户提供行情CSV | M58: 股票日行情 | N58: 45729 | O58: 57 | P58: 58 | Q58: -1 | R58: 事件前100个交易日
A59: 688627.SH | B59: 45729 | C59: 74.33 | D59: 74.75 | E59: 72.5 | F59: 73 | G59: 75.1 | H59: -2.1 | I59: -2.7963 | J59: 11659.64 | K59: 85484.611 | L59: 用户提供行情CSV | M59: 股票日行情 | N59: 45729 | O59: 58 | P59: 58 | Q59: 0 | R59: 事件当日 | S59: 事件前仅有57个交易日；事件后仅有3个交易日
A60: 688627.SH | B60: 45730 | C60: 73.99 | D60: 75.89 | E60: 72.5 | F60: 74.22 | G60: 73 | H60: 1.22 | I60: 1.6712 | J60: 14484.24 | K60: 107364.28 | L60: 用户提供行情CSV | M60: 股票日行情 | N60: 45729 | O60: 59 | P60: 58 | Q60: 1 | R60: 事件后5个交易日
A61: 688627.SH | B61: 45733 | C61: 74.66 | D61: 76.48 | E61: 73.81 | F61: 75.38 | G61: 74.22 | H61: 1.16 | I61: 1.5629 | J61: 11888.35 | K61: 89734.512 | L61: 用户提供行情CSV | M61: 股票日行情 | N61: 45729 | O61: 60 | P61: 58 | Q61: 2 | R61: 事件后5个交易日
A62: 688627.SH | B62: 45734 | C62: 75.62 | D62: 76.73 | E62: 74 | F62: 74.5 | G62: 75.38 | H62: -0.88 | I62: -1.1674 | J62: 17447.08 | K62: 130919.4 | L62: 用户提供行情CSV | M62: 股票日行情 | N62: 45729 | O62: 61 | P62: 58 | Q62: 3 | R62: 事件后5个交易日

Sheet 300260.SZ_元数据
A1: 字段 | B1: 内容
A2: 股票代码 | B2: 300260.SZ
A3: 事件名称 | B3: 国内半导体行业需求强劲，看好零部件业务增长带动业绩修复
A4: 事件日期 | B4: 45777
A5: 数据来源 | B5: 用户提供行情CSV + 事件库1.csv
A6: 分类规则 | B6: 前100个交易日 / 事件当日 / 后5个交易日
A7: 说明 | B7: 使用事件库匹配事件，并按事件日期定位T0；若事件日非交易日，则顺延到下一交易日。
A8: 原始事件日期 | B8: 45777
A9: 事件ID | B9: 44
A10: 事件类型 | B10: 技术
A11: 行业 | B11: 半导体
A12: 事件来源 | B12: 东方财富
A13: 内容链接 | B13: http://data.eastmoney.com/report/zw_stock.jshtml?infocode=AP202504301664846503
A14: 状态说明 | B14: 已匹配

Sheet 300260.SZ_行情
A1: ts_code | B1: trade_date | C1: open | D1: high | E1: low | F1: close | G1: pre_close | H1: change | I1: pct_chg | J1: vol | K1: amount | L1: 数据来源 | M1: 数据分类 | N1: 事件日期 | O1: 交易日序号 | P1: 事件交易日序号 | Q1: 相对交易日 | R1: 窗口标签 | S1: 备注
A2: 300260.SZ | B2: 45667 | C2: 24.9 | D2: 26.08 | E2: 23.83 | F2: 23.88 | G2: 24.99 | H2: -1.11 | I2: -4.4418 | J2: 178780.08 | K2: 447930.14 | L2: 用户提供行情CSV | M2: 股票日行情 | N2: 45777 | O2: 1 | P2: 72 | Q2: -71 | R2: 事件前100个交易日
A3: 300260.SZ | B3: 45670 | C3: 23.51 | D3: 24.96 | E3: 23.12 | F3: 24.75 | G3: 23.88 | H3: 0.87 | I3: 3.6432 | J3: 127504.71 | K3: 307811.84 | L3: 用户提供行情CSV | M3: 股票日行情 | N3: 45777 | O3: 2 | P3: 72 | Q3: -70 | R3: 事件前100个交易日
A4: 300260.SZ | B4: 45671 | C4: 24.78 | D4: 25.72 | E4: 24.26 | F4: 25.61 | G4: 24.75 | H4: 0.86 | I4: 3.4747 | J4: 149667.58 | K4: 376499.13 | L4: 用户提供行情CSV | M4: 股票日行情 | N4: 45777 | O4: 3 | P4: 72 | Q4: -69 | R4: 事件前100个交易日
A5: 300260.SZ | B5: 45672 | C5: 25.53 | D5: 25.72 | E5: 24.87 | F5: 25.13 | G5: 25.61 | H5: -0.48 | I5: -1.8743 | J5: 102217.71 | K5: 257352.38 | L5: 用户提供行情CSV | M5: 股票日行情 | N5: 45777 | O5: 4 | P5: 72 | Q5: -68 | R5: 事件前100个交易日
A6: 300260.SZ | B6: 45673 | C6: 25.5 | D6: 26.1 | E6: 24.86 | F6: 25.16 | G6: 25.13 | H6: 0.03 | I6: 0.1194 | J6: 108716.05 | K6: 275991.78 | L6: 用户提供行情CSV | M6: 股票日行情 | N6: 45777 | O6: 5 | P6: 72 | Q6: -67 | R6: 事件前100个交易日
A7: 300260.SZ | B7: 45674 | C7: 24.98 | D7: 26.04 | E7: 24.7 | F7: 25.34 | G7: 25.16 | H7: 0.18 | I7: 0.7154 | J7: 112681.43 | K7: 285825.55 | L7: 用户提供行情CSV | M7: 股票日行情 | N7: 45777 | O7: 6 | P7: 72 | Q7: -66 | R7: 事件前100个交易日
A8: 300260.SZ | B8: 45677 | C8: 25.72 | D8: 25.84 | E8: 25.05 | F8: 25.15 | G8: 25.34 | H8: -0.19 | I8: -0.7498 | J8: 87218.8 | K8: 220614.41 | L8: 用户提供行情CSV | M8: 股票日行情 | N8: 45777 | O8: 7 | P8: 72 | Q8: -65 | R8: 事件前100个交易日
A9: 300260.SZ | B9: 45678 | C9: 25.15 | D9: 25.33 | E9: 24.79 | F9: 25.03 | G9: 25.15 | H9: -0.12 | I9: -0.4771 | J9: 72274.34 | K9: 180865.27 | L9: 用户提供行情CSV | M9: 股票日行情 | N9: 45777 | O9: 8 | P9: 72 | Q9: -64 | R9: 事件前100个交易日
A10: 300260.SZ | B10: 45679 | C10: 24.84 | D10: 24.95 | E10: 24.03 | F10: 24.39 | G10: 25.03 | H10: -0.64 | I10: -2.5569 | J10: 92318.87 | K10: 225894.17 | L10: 用户提供行情CSV | M10: 股票日行情 | N10: 45777 | O10: 9 | P10: 72 | Q10: -63 | R10: 事件前100个交易日
A11: 300260.SZ | B11: 45680 | C11: 24.68 | D11: 25.26 | E11: 24.35 | F11: 24.35 | G11: 24.39 | H11: -0.04 | I11: -0.164 | J11: 88080.75 | K11: 218348.2 | L11: 用户提供行情CSV | M11: 股票日行情 | N11: 45777 | O11: 10 | P11: 72 | Q11: -62 | R11: 事件前100个交易日
A12: 300260.SZ | B12: 45681 | C12: 24.35 | D12: 24.68 | E12: 24.23 | F12: 24.61 | G12: 24.35 | H12: 0.26 | I12: 1.0678 | J12: 70044.36 | K12: 171546.42 | L12: 用户提供行情CSV | M12: 股票日行情 | N12: 45777 | O12: 11 | P12: 72 | Q12: -61 | R12: 事件前100个交易日
A13: 300260.SZ | B13: 45684 | C13: 24.69 | D13: 24.88 | E13: 23.56 | F13: 23.56 | G13: 24.61 | H13: -1.05 | I13: -4.2666 | J13: 83034.58 | K13: 199074.89 | L13: 用户提供行情CSV | M13: 股票日行情 | N13: 45777 | O13: 12 | P13: 72 | Q13: -60 | R13: 事件前100个交易日
... A72: 300260.SZ | B72: 45776 | C72: 31 | D72: 31.58 | E72: 30.71 | F72: 31.32 | G72: 31.35 | H72: -0.03 | I72: -0.0957 | J72: 159691.8 | K72: 499371.84 | L72: 用户提供行情CSV | M72: 股票日行情 | N72: 45777 | O72: 71 | P72: 72 | Q72: -1 | R72: 事件前100个交易日
A73: 300260.SZ | B73: 45777 | C73: 31.32 | D73: 32.26 | E73: 31.2 | F73: 31.82 | G73: 31.32 | H73: 0.5 | I73: 1.5964 | J73: 207597.64 | K73: 661617.55 | L73: 用户提供行情CSV | M73: 股票日行情 | N73: 45777 | O73: 72 | P73: 72 | Q73: 0 | R73: 事件当日 | S73: 事件前仅有71个交易日
A74: 300260.SZ | B74: 45783 | C74: 32.8 | D74: 34.19 | E74: 32.66 | F74: 33.91 | G74: 31.82 | H74: 2.09 | I74: 6.5682 | J74: 333316.35 | K74: 1115984.2 | L74: 用户提供行情CSV | M74: 股票日行情 | N74: 45777 | O74: 73 | P74: 72 | Q74: 1 | R74: 事件后5个交易日
A75: 300260.SZ | B75: 45784 | C75: 34.32 | D75: 35.51 | E75: 33.87 | F75: 34.52 | G75: 33.91 | H75: 0.61 | I75: 1.7989 | J75: 441669.8 | K75: 1532176.7 | L75: 用户提供行情CSV | M75: 股票日行情 | N75: 45777 | O75: 74 | P75: 72 | Q75: 2 | R75: 事件后5个交易日
A76: 300260.SZ | B76: 45785 | C76: 34.2 | D76: 34.75 | E76: 33.55 | F76: 34.11 | G76: 34.52 | H76: -0.41 | I76: -1.1877 | J76: 268562.82 | K76: 915602.15 | L76: 用户提供行情CSV | M76: 股票日行情 | N76: 45777 | O76: 75 | P76: 72 | Q76: 3 | R76: 事件后5个交易日
A77: 300260.SZ | B77: 45786 | C77: 33.89 | D77: 34.1 | E77: 32.3 | F77: 32.45 | G77: 34.11 | H77: -1.66 | I77: -4.8666 | J77: 249599.36 | K77: 816771.28 | L77: 用户提供行情CSV | M77: 股票日行情 | N77: 45777 | O77: 76 | P77: 72 | Q77: 4 | R77: 事件后5个交易日
A78: 300260.SZ | B78: 45789 | C78: 32.71 | D78: 32.85 | E78: 32.18 | F78: 32.53 | G78: 32.45 | H78: 0.08 | I78: 0.2465 | J78: 167240.92 | K78: 542554.95 | L78: 用户提供行情CSV | M78: 股票日行情 | N78: 45777 | O78: 77 | P78: 72 | Q78: 5 | R78: 事件后5个交易日
A79: 300260.SZ | B79: 45790 | C79: 32.69 | D79: 33.79 | E79: 32.02 | F79: 32.95 | G79: 32.53 | H79: 0.42 | I79: 1.2911 | J79: 319461.28 | K79: 1048956.1 | L79: 用户提供行情CSV | M79: 股票日行情 | N79: 45777 | O79: 78 | P79: 72 | Q79: 6 | R79: 其他区间

Sheet 300789.SZ_元数据
A1: 字段 | B1: 内容
A2: 股票代码 | B2: 300789.SZ
A3: 事件名称 | B3: 锦鸡股份：关于重大设备采购合同履行进展暨算力设备采购进展的公告
A4: 事件日期 | B4: 45294
A5: 数据来源 | B5: 用户提供行情CSV + 事件库1.csv
A6: 分类规则 | B6: 前100个交易日 / 事件当日 / 后5个交易日
A7: 说明 | B7: 使用事件库匹配事件，并按事件日期定位T0；若事件日非交易日，则顺延到下一交易日。
A8: 原始事件日期 | B8: 45294
A9: 事件ID | B9: 1
A10: 事件类型 | B10: 公司行为
A11: 行业 | B11: 算力
A12: 事件来源 | B12: 巨潮资讯
A13: 内容链接 | B13: https://www.cninfo.com.cn/new/disclosure/detail?orgId=9900036548&announcementId=1218799804&announcementTime=2024-01-03%2016:34
A14: 状态说明 | B14: 已匹配

Sheet 300789.SZ_行情
A1: ts_code | B1: trade_date | C1: open | D1: high | E1: low | F1: close | G1: pre_close | H1: change | I1: pct_chg | J1: vol | K1: amount | L1: 数据来源 | M1: 数据分类 | N1: 事件日期 | O1: 交易日序号 | P1: 事件交易日序号 | Q1: 相对交易日 | R1: 窗口标签 | S1: 备注
A2: 300789.SZ | B2: 45194 | C2: 23.25 | D2: 23.49 | E2: 22.86 | F2: 23.23 | G2: 23.23 | H2: 0 | I2: 0 | J2: 14272.3 | K2: 33036.175 | L2: 用户提供行情CSV | M2: 股票日行情 | N2: 45294 | O2: 1 | P2: 66 | Q2: -65 | R2: 事件前100个交易日
A3: 300789.SZ | B3: 45195 | C3: 23.28 | D3: 23.39 | E3: 23.05 | F3: 23.14 | G3: 23.23 | H3: -0.09 | I3: -0.3874 | J3: 10843.04 | K3: 25164.44 | L3: 用户提供行情CSV | M3: 股票日行情 | N3: 45294 | O3: 2 | P3: 66 | Q3: -64 | R3: 事件前100个交易日
A4: 300789.SZ | B4: 45196 | C4: 23.12 | D4: 23.35 | E4: 22.81 | F4: 23.06 | G4: 23.14 | H4: -0.08 | I4: -0.3457 | J4: 13104.04 | K4: 30299.791 | L4: 用户提供行情CSV | M4: 股票日行情 | N4: 45294 | O4: 3 | P4: 66 | Q4: -63 | R4: 事件前100个交易日
A5: 300789.SZ | B5: 45197 | C5: 23.03 | D5: 23.68 | E5: 23.03 | F5: 23.58 | G5: 23.06 | H5: 0.52 | I5: 2.255 | J5: 14592.7 | K5: 34278.716 | L5: 用户提供行情CSV | M5: 股票日行情 | N5: 45294 | O5: 4 | P5: 66 | Q5: -62 | R5: 事件前100个交易日
A6: 300789.SZ | B6: 45208 | C6: 23.72 | D6: 23.98 | E6: 23.2 | F6: 23.69 | G6: 23.58 | H6: 0.11 | I6: 0.4665 | J6: 19114.3 | K6: 45046.199 | L6: 用户提供行情CSV | M6: 股票日行情 | N6: 45294 | O6: 5 | P6: 66 | Q6: -61 | R6: 事件前100个交易日
A7: 300789.SZ | B7: 45209 | C7: 23.67 | D7: 24.14 | E7: 23.47 | F7: 23.95 | G7: 23.69 | H7: 0.26 | I7: 1.0975 | J7: 14891.51 | K7: 35603.814 | L7: 用户提供行情CSV | M7: 股票日行情 | N7: 45294 | O7: 6 | P7: 66 | Q7: -60 | R7: 事件前100个交易日
A8: 300789.SZ | B8: 45210 | C8: 24.18 | D8: 24.18 | E8: 23.52 | F8: 23.89 | G8: 23.95 | H8: -0.06 | I8: -0.2505 | J8: 12002.67 | K8: 28652.005 | L8: 用户提供行情CSV | M8: 股票日行情 | N8: 45294 | O8: 7 | P8: 66 | Q8: -59 | R8: 事件前100个交易日
A9: 300789.SZ | B9: 45211 | C9: 23.95 | D9: 24.1 | E9: 23.5 | F9: 23.53 | G9: 23.89 | H9: -0.36 | I9: -1.5069 | J9: 10287.59 | K9: 24414.062 | L9: 用户提供行情CSV | M9: 股票日行情 | N9: 45294 | O9: 8 | P9: 66 | Q9: -58 | R9: 事件前100个交易日
A10: 300789.SZ | B10: 45212 | C10: 23.54 | D10: 23.6 | E10: 23.27 | F10: 23.42 | G10: 23.53 | H10: -0.11 | I10: -0.4675 | J10: 8324.15 | K10: 19514.856 | L10: 用户提供行情CSV | M10: 股票日行情 | N10: 45294 | O10: 9 | P10: 66 | Q10: -57 | R10: 事件前100个交易日
A11: 300789.SZ | B11: 45215 | C11: 23.59 | D11: 23.59 | E11: 23.03 | F11: 23.25 | G11: 23.42 | H11: -0.17 | I11: -0.7259 | J11: 12197.72 | K11: 28339.066 | L11: 用户提供行情CSV | M11: 股票日行情 | N11: 45294 | O11: 10 | P11: 66 | Q11: -56 | R11: 事件前100个交易日
A12: 300789.SZ | B12: 45216 | C12: 23.35 | D12: 23.6 | E12: 23.08 | F12: 23.58 | G12: 23.25 | H12: 0.33 | I12: 1.4194 | J12: 10296.46 | K12: 24106.455 | L12: 用户提供行情CSV | M12: 股票日行情 | N12: 45294 | O12: 11 | P12: 66 | Q12: -55 | R12: 事件前100个交易日
A13: 300789.SZ | B13: 45217 | C13: 23.42 | D13: 23.65 | E13: 22.88 | F13: 22.89 | G13: 23.58 | H13: -0.69 | I13: -2.9262 | J13: 11247.11 | K13: 25903.169 | L13: 用户提供行情CSV | M13: 股票日行情 | N13: 45294 | O13: 12 | P13: 66 | Q13: -54 | R13: 事件前100个交易日
... A66: 300789.SZ | B66: 45293 | C66: 22.43 | D66: 22.75 | E66: 22.23 | F66: 22.61 | G66: 22.54 | H66: 0.07 | I66: 0.3106 | J66: 12166.2 | K66: 27429.54 | L66: 用户提供行情CSV | M66: 股票日行情 | N66: 45294 | O66: 65 | P66: 66 | Q66: -1 | R66: 事件前100个交易日
A67: 300789.SZ | B67: 45294 | C67: 22.57 | D67: 22.74 | E67: 22.41 | F67: 22.64 | G67: 22.61 | H67: 0.03 | I67: 0.1327 | J67: 9142 | K67: 20649.438 | L67: 用户提供行情CSV | M67: 股票日行情 | N67: 45294 | O67: 66 | P67: 66 | Q67: 0 | R67: 事件当日 | S67: 事件前仅有65个交易日；事件后仅有3个交易日
A68: 300789.SZ | B68: 45295 | C68: 22.65 | D68: 22.8 | E68: 22.44 | F68: 22.58 | G68: 22.64 | H68: -0.06 | I68: -0.265 | J68: 7427.6 | K68: 16819.201 | L68: 用户提供行情CSV | M68: 股票日行情 | N68: 45294 | O68: 67 | P68: 66 | Q68: 1 | R68: 事件后5个交易日
A69: 300789.SZ | B69: 45296 | C69: 22.74 | D69: 22.84 | E69: 22.38 | F69: 22.46 | G69: 22.58 | H69: -0.12 | I69: -0.5314 | J69: 10565.7 | K69: 23854.205 | L69: 用户提供行情CSV | M69: 股票日行情 | N69: 45294 | O69: 68 | P69: 66 | Q69: 2 | R69: 事件后5个交易日
A70: 300789.SZ | B70: 45299 | C70: 22.46 | D70: 22.56 | E70: 21.99 | F70: 21.99 | G70: 22.46 | H70: -0.47 | I70: -2.0926 | J70: 9131.81 | K70: 20334.594 | L70: 用户提供行情CSV | M70: 股票日行情 | N70: 45294 | O70: 69 | P70: 66 | Q70: 3 | R70: 事件后5个交易日

Sheet 688795.SH_元数据
A1: 字段 | B1: 内容
A2: 股票代码 | B2: 688795.SH
A3: 事件名称 | B3: 以全功能GPU为核心的国产加速计算平台领军者
A4: 事件日期 | B4: 45996
A5: 数据来源 | B5: 用户提供行情CSV + 事件库1.csv
A6: 分类规则 | B6: 前100个交易日 / 事件当日 / 后5个交易日
A7: 说明 | B7: 使用事件库匹配事件，并按事件日期定位T0；若事件日非交易日，则顺延到下一交易日。
A8: 原始事件日期 | B8: 45991
A9: 事件ID | B9: 23
A10: 事件类型 | B10: 技术
A11: 行业 | B11: GPU
A12: 事件来源 | B12: 东方财富
A13: 内容链接 | B13: http://data.eastmoney.com/report/zw_stock.jshtml?infocode=AP202511301791284379
A14: 状态说明 | B14: 事件日顺延到下一交易日

Sheet 688795.SH_行情
A1: ts_code | B1: trade_date | C1: open | D1: high | E1: low | F1: close | G1: pre_close | H1: change | I1: pct_chg | J1: vol | K1: amount | L1: 数据来源 | M1: 数据分类 | N1: 事件日期 | O1: 交易日序号 | P1: 事件交易日序号 | Q1: 相对交易日 | R1: 窗口标签 | S1: 备注
A2: 688795.SH | B2: 45996 | C2: 650 | D2: 688 | E2: 556 | F2: 600.5 | G2: 114.28 | H2: 486.22 | I2: 425.4638 | J2: 251200.82 | K2: 15307104 | L2: 用户提供行情CSV | M2: 股票日行情 | N2: 45996 | O2: 1 | P2: 1 | Q2: 0 | R2: 事件当日 | S2: 事件日顺延到下一交易日；事件前仅有0个交易日；事件后仅有0个交易日

Sheet 600186.SH_元数据
A1: 字段 | B1: 内容
A2: 股票代码 | B2: 600186.SH
A3: 事件名称 | B3: 莲花控股： 莲花控股股份有限公司关于转型算力业务相关进展情况的公告
A4: 事件日期 | B4: 45565
A5: 数据来源 | B5: 用户提供行情CSV + 事件库1.csv
A6: 分类规则 | B6: 前100个交易日 / 事件当日 / 后5个交易日
A7: 说明 | B7: 使用事件库匹配事件，并按事件日期定位T0；若事件日非交易日，则顺延到下一交易日。
A8: 原始事件日期 | B8: 45563
A9: 事件ID | B9: 3
A10: 事件类型 | B10: 公司行为
A11: 行业 | B11: 算力
A12: 事件来源 | B12: 巨潮资讯
A13: 内容链接 | B13: https://www.cninfo.com.cn/new/disclosure/detail?orgId=gssh0600186&announcementId=1221314516&announcementTime=2024-09-28
A14: 状态说明 | B14: 事件日顺延到下一交易日

Sheet 600186.SH_行情
A1: ts_code | B1: trade_date | C1: open | D1: high | E1: low | F1: close | G1: pre_close | H1: change | I1: pct_chg | J1: vol | K1: amount | L1: 数据来源 | M1: 数据分类 | N1: 事件日期 | O1: 交易日序号 | P1: 事件交易日序号 | Q1: 相对交易日 | R1: 窗口标签 | S1: 备注
A2: 600186.SH | B2: 45461 | C2: 3.64 | D2: 3.74 | E2: 3.64 | F2: 3.72 | G2: 3.66 | H2: 0.06 | I2: 1.6393 | J2: 235492.01 | K2: 87325.286 | L2: 用户提供行情CSV | M2: 股票日行情 | N2: 45565 | O2: 1 | P2: 73 | Q2: -72 | R2: 事件前100个交易日
A3: 600186.SH | B3: 45462 | C3: 3.73 | D3: 3.75 | E3: 3.63 | F3: 3.63 | G3: 3.72 | H3: -0.09 | I3: -2.4194 | J3: 269414 | K3: 98927.201 | L3: 用户提供行情CSV | M3: 股票日行情 | N3: 45565 | O3: 2 | P3: 73 | Q3: -71 | R3: 事件前100个交易日
A4: 600186.SH | B4: 45463 | C4: 3.65 | D4: 3.65 | E4: 3.45 | F4: 3.47 | G4: 3.63 | H4: -0.16 | I4: -4.4077 | J4: 543106.28 | K4: 191202.69 | L4: 用户提供行情CSV | M4: 股票日行情 | N4: 45565 | O4: 3 | P4: 73 | Q4: -70 | R4: 事件前100个交易日
A5: 600186.SH | B5: 45464 | C5: 3.45 | D5: 3.52 | E5: 3.43 | F5: 3.48 | G5: 3.47 | H5: 0.01 | I5: 0.2882 | J5: 285369 | K5: 99419.962 | L5: 用户提供行情CSV | M5: 股票日行情 | N5: 45565 | O5: 4 | P5: 73 | Q5: -69 | R5: 事件前100个交易日
A6: 600186.SH | B6: 45467 | C6: 3.47 | D6: 3.48 | E6: 3.34 | F6: 3.37 | G6: 3.48 | H6: -0.11 | I6: -3.1609 | J6: 374464.01 | K6: 127239.51 | L6: 用户提供行情CSV | M6: 股票日行情 | N6: 45565 | O6: 5 | P6: 73 | Q6: -68 | R6: 事件前100个交易日
A7: 600186.SH | B7: 45468 | C7: 3.37 | D7: 3.42 | E7: 3.36 | F7: 3.38 | G7: 3.37 | H7: 0.01 | I7: 0.2967 | J7: 259870.76 | K7: 88137.716 | L7: 用户提供行情CSV | M7: 股票日行情 | N7: 45565 | O7: 6 | P7: 73 | Q7: -67 | R7: 事件前100个交易日
A8: 600186.SH | B8: 45469 | C8: 3.38 | D8: 3.54 | E8: 3.34 | F8: 3.52 | G8: 3.38 | H8: 0.14 | I8: 4.142 | J8: 337136.95 | K8: 116257.74 | L8: 用户提供行情CSV | M8: 股票日行情 | N8: 45565 | O8: 7 | P8: 73 | Q8: -66 | R8: 事件前100个交易日
A9: 600186.SH | B9: 45470 | C9: 3.53 | D9: 3.55 | E9: 3.42 | F9: 3.43 | G9: 3.52 | H9: -0.09 | I9: -2.5568 | J9: 242424.18 | K9: 84217.638 | L9: 用户提供行情CSV | M9: 股票日行情 | N9: 45565 | O9: 8 | P9: 73 | Q9: -65 | R9: 事件前100个交易日
A10: 600186.SH | B10: 45471 | C10: 3.44 | D10: 3.5 | E10: 3.42 | F10: 3.43 | G10: 3.43 | H10: 0 | I10: 0 | J10: 219012.01 | K10: 75814.154 | L10: 用户提供行情CSV | M10: 股票日行情 | N10: 45565 | O10: 9 | P10: 73 | Q10: -64 | R10: 事件前100个交易日
A11: 600186.SH | B11: 45474 | C11: 3.43 | D11: 3.48 | E11: 3.4 | F11: 3.47 | G11: 3.43 | H11: 0.04 | I11: 1.1662 | J11: 248335.01 | K11: 85698.476 | L11: 用户提供行情CSV | M11: 股票日行情 | N11: 45565 | O11: 10 | P11: 73 | Q11: -63 | R11: 事件前100个交易日
A12: 600186.SH | B12: 45475 | C12: 3.46 | D12: 3.53 | E12: 3.45 | F12: 3.51 | G12: 3.47 | H12: 0.04 | I12: 1.1527 | J12: 304516.38 | K12: 106836.75 | L12: 用户提供行情CSV | M12: 股票日行情 | N12: 45565 | O12: 11 | P12: 73 | Q12: -62 | R12: 事件前100个交易日
A13: 600186.SH | B13: 45476 | C13: 3.51 | D13: 3.59 | E13: 3.47 | F13: 3.54 | G13: 3.51 | H13: 0.03 | I13: 0.8547 | J13: 328976.19 | K13: 116915.51 | L13: 用户提供行情CSV | M13: 股票日行情 | N13: 45565 | O13: 12 | P13: 73 | Q13: -61 | R13: 事件前100个交易日
... A73: 600186.SH | B73: 45562 | C73: 3.46 | D73: 3.57 | E73: 3.44 | F73: 3.54 | G73: 3.41 | H73: 0.13 | I73: 3.8123 | J73: 399385.02 | K73: 139933.08 | L73: 用户提供行情CSV | M73: 股票日行情 | N73: 45565 | O73: 72 | P73: 73 | Q73: -1 | R73: 事件前100个交易日
A74: 600186.SH | B74: 45565 | C74: 3.65 | D74: 3.89 | E74: 3.62 | F74: 3.89 | G74: 3.54 | H74: 0.35 | I74: 9.887 | J74: 1088057 | K74: 411980.99 | L74: 用户提供行情CSV | M74: 股票日行情 | N74: 45565 | O74: 73 | P74: 73 | Q74: 0 | R74: 事件当日 | S74: 事件日顺延到下一交易日；事件前仅有72个交易日
A75: 600186.SH | B75: 45573 | C75: 4.28 | D75: 4.28 | E75: 3.91 | F75: 4.13 | G75: 3.89 | H75: 0.24 | I75: 6.1697 | J75: 1180908.6 | K75: 487912.45 | L75: 用户提供行情CSV | M75: 股票日行情 | N75: 45565 | O75: 74 | P75: 73 | Q75: 1 | R75: 事件后5个交易日
A76: 600186.SH | B76: 45574 | C76: 4.06 | D76: 4.06 | E76: 3.72 | F76: 3.72 | G76: 4.13 | H76: -0.41 | I76: -9.9274 | J76: 955539.1 | K76: 365333.69 | L76: 用户提供行情CSV | M76: 股票日行情 | N76: 45565 | O76: 75 | P76: 73 | Q76: 2 | R76: 事件后5个交易日
A77: 600186.SH | B77: 45575 | C77: 3.71 | D77: 3.96 | E77: 3.6 | F77: 3.8 | G77: 3.72 | H77: 0.08 | I77: 2.1505 | J77: 946180.35 | K77: 356633.02 | L77: 用户提供行情CSV | M77: 股票日行情 | N77: 45565 | O77: 76 | P77: 73 | Q77: 3 | R77: 事件后5个交易日
A78: 600186.SH | B78: 45576 | C78: 3.77 | D78: 4.12 | E78: 3.71 | F78: 3.98 | G78: 3.8 | H78: 0.18 | I78: 4.7368 | J78: 1441377.7 | K78: 570696.15 | L78: 用户提供行情CSV | M78: 股票日行情 | N78: 45565 | O78: 77 | P78: 73 | Q78: 4 | R78: 事件后5个交易日
A79: 600186.SH | B79: 45579 | C79: 4.07 | D79: 4.13 | E79: 3.92 | F79: 4.09 | G79: 3.98 | H79: 0.11 | I79: 2.7638 | J79: 1469982.8 | K79: 593661.78 | L79: 用户提供行情CSV | M79: 股票日行情 | N79: 45565 | O79: 78 | P79: 73 | Q79: 5 | R79: 事件后5个交易日
A80: 600186.SH | B80: 45580 | C80: 4.05 | D80: 4.49 | E80: 3.95 | F80: 4.36 | G80: 4.09 | H80: 0.27 | I80: 6.6015 | J80: 2253049.1 | K80: 963674.32 | L80: 用户提供行情CSV | M80: 股票日行情 | N80: 45565 | O80: 79 | P80: 73 | Q80: 6 | R80: 其他区间
